,C44T,C100T,G174T,C203T,G210T,C222T,C241T,A361G,T445C,A481G,G521T,G569A,T670G,T733C,C913T,C1059T,A1087G,C1122T,C1473T,C1498T,A1610G,C1627T,A1807G,C1931A,C2197T,A2311G,G2407A,C2509T,G2659A,A2692T,C2749T,C2790T,A2832G,C2841T,T2954C,A2969G,C3037T,C3140T,C3267T,G3302A,A3428G,C3796T,C3828T,A3852T,C3857A,C3927T,C3961T,C4002T,G4181T,G4184A,C4321T,C4543T,C4573T,C4586T,C4878T,G5008T,G5180A,C5183T,C5192T,G5230T,T5386G,C5388A,G5629T,A5648C,C5672T,C5986T,C6037T,G6236A,C6285T,C6286T,A6319G,C6402T,C6541T,G6609T,A6613G,C6633T,A6704G,T6954C,C7124T,C7528T,G7798T,C7834T,C7851T,G8084A,C8311T,G8393A,G8591T,T8593C,C8782T,C8986T,G9053T,C9072T,C9120T,G9203A,A9204G,C9319T,C9344T,A9424G,C9430T,T9477A,G9526T,C9534T,C9565T,C9693T,C9866T,T9867C,C9891T,G9929A,C9988T,C10029T,G10097A,C10116T,C10198T,A10323G,C10369T,G10447A,C10449A,T10667G,C10747T,G10850A,C10954T,G10961A,G11083T,A11117G,G11146T,A11201G,A11217G,G11222T,G11230T,G11266T,C11325T,A11332G,T11337C,G11365T,G11417T,A11451G,C11497T,G11521T,A11537G,C11750T,C11758T,C11824T,C12053T,G12160A,C12400T,A12444G,C12469T,C12473T,C12534T,C12778T,C12789T,C12880T,A12964G,A13057T,T13195C,C13356T,C13536T,T13851C,C13860T,G13993T,G14126A,T14257C,C14340T,C14403T,C14407T,C14408T,C14676T,C14805T,C15026T,C15240T,C15279T,C15324T,G15451A,C15714T,G15766T,G15907T,T16176C,C16293T,C16391T,C16466T,A16500C,G16549T,C16575T,A16889G,G16917A,G16935A,G17014T,G17019T,A17039G,T17040C,G17110T,G17259T,C17410T,C17491T,G17551A,T17599A,G17679T,C17707T,C17745T,C17766T,A18163G,C18171T,A18366G,G18583A,A18594G,C18877T,T19035C,A19167G,C19220T,C19274A,T19839C,C19955T,G19962A,T20049C,A20055G,C20148T,C20235T,A20262G,C20402T,G20578A,A20724G,A20741G,G21004T,G21123T,G21255C,C21306T,C21575T,C21597T,C21614T,C21618G,C21618T,C21621A,C21637T,C21638T,A21717G,C21762T,A21801C,C21811T,C21846T,T21939C,G21974T,G21987A,A21993C,T21995C,T21995A,C22000T,A22001G,T22016A,T22016C,G22017T,C22033A,G22132T,A22190G,T22191C,T22200G,A22206G,C22227T,C22295T,A22320G,G22331A,T22384A,C22432T,G22468T,T22478C,C22498T,G22577C,G22578A,G22599C,G22599A,A22600C,A22629C,G22661T,T22673C,C22674T,T22679C,C22686T,A22688G,G22775A,A22786C,C22792T,A22812C,G22813T,T22882G,A22893C,G22898A,T22917G,T22942G,T22942A,C22987T,G22992A,C22995A,G23012A,A23013C,T23018G,T23019C,T23031C,A23040G,T23042C,G23048A,A23055G,A23063T,A23064C,T23075C,C23202A,C23271A,T23287C,G23401T,A23403G,A23416T,C23439A,C23520T,C23525T,A23535G,G23593T,G23593C,T23599G,C23604G,C23604A,C23664T,C23709T,C23731T,A23756G,C23854A,G23868T,A23901C,G23948C,G23948T,A24078T,T24097C,C24130A,T24194C,T24224C,G24257T,G24368A,C24378T,C24382T,G24410A,A24424T,T24469A,C24503T,T24506G,C24642T,C24748T,G24914C,C25000T,G25088T,G25218T,C25276A,C25416T,C25469T,C25517T,T25541C,G25563T,C25584T,C25614T,C25710T,C25904T,G25906T,G25979T,G25993T,C26060T,C26078T,T26149C,G26167T,G26211T,C26270T,A26275G,C26305T,C26456T,A26492T,G26529A,A26530G,C26577G,T26604C,C26606T,G26709A,C26735T,T26767C,C26801G,C26858T,T26876C,A27038G,C27213T,C27247T,A27259C,C27294T,G27382C,A27383T,T27384C,T27438C,G27459T,A27489G,T27638C,C27684T,C27752T,G27788T,C27807T,C27874T,G27882T,C27889T,T27901C,C27925A,C27925T,C27972T,C28005T,G28048T,G28079A,C28093T,A28111G,T28144C,G28167A,G28209T,C28253T,A28271T,A28271G,A28272T,A28273T,G28280C,A28281T,T28282A,T28297C,C28308G,C28311T,C28312T,A28330G,G28371T,C28377T,G28378C,C28441T,A28461G,C28512G,G28628T,C28657T,G28681T,A28699G,T28723C,C28724T,C28833T,C28863T,C28869T,G28875T,A28877T,G28878C,G28878A,G28881A,G28881T,G28882A,G28883C,C28887T,G28907T,G28908T,G28916T,C28932T,G28975A,G28975C,G28975T,C28977T,C29197T,G29260T,G29399A,G29402T,G29422T,A29510C,G29527T,G29543T,C29632T,G29645T,C29666T,G29742T,G29742A,T29748C,C29754T,C29769T,T29834A
B.1.160,0.0006269592476489029,0.0,0.0006269592476489029,0.0012539184952978057,0.0012539184952978057,0.060815047021943576,0.9937304075235109,0.0,0.0,0.0,0.0,0.0,0.0,0.0,0.0,0.005642633228840125,0.0,0.0025078369905956114,0.0006269592476489029,0.0006269592476489029,0.0,0.0,0.0,0.0,0.0,0.0,0.0025078369905956114,0.0,0.0,0.0,0.0,0.0,0.0,0.0006269592476489029,0.0,0.0,0.9899686520376175,0.0006269592476489029,0.0,0.0,0.0025078369905956114,0.0,0.0,0.0,0.0,0.0,0.0006269592476489029,0.0006269592476489029,0.0,0.0,0.0,0.9968652037617555,0.0,0.0018808777429467085,0.0,0.0006269592476489029,0.0,0.0006269592476489029,0.0025078369905956114,0.0,0.0,0.0,0.993103448275862,0.0,0.010658307210031349,0.0,0.0,0.0,0.0,0.003134796238244514,0.0,0.0006269592476489029,0.0012539184952978057,0.0,0.0,0.0012539184952978057,0.0,0.0,0.0,0.0,0.0006269592476489029,0.0,0.0,0.0,0.0,0.0,0.0,0.0,0.0,0.0,0.0,0.0,0.0,0.0,0.0006269592476489029,0.003761755485893417,0.0025078369905956114,0.0,0.0018808777429467085,0.0,0.9993730407523511,0.0006269592476489029,0.0025078369905956114,0.00438871473354232,0.0,0.0,0.0,0.0,0.0,0.0006269592476489029,0.0,0.0,0.0012539184952978057,0.012539184952978056,0.0025078369905956114,0.0,0.0,0.0,0.0,0.0,0.0,0.0,0.04012539184952978,0.0,0.0,0.0,0.0,0.0006269592476489029,0.0,0.0012539184952978057,0.0,0.0,0.0,0.0,0.0018808777429467085,0.0,0.9956112852664577,0.0,0.0006269592476489029,0.0006269592476489029,0.0012539184952978057,0.0006269592476489029,0.011912225705329153,0.0,0.0006269592476489029,0.0,0.0,0.0,0.0,0.0006269592476489029,0.0,0.0012539184952978057,0.0,0.0,0.0,0.0,0.02946708463949843,0.0,0.0012539184952978057,1.0,0.0,0.0,0.0,0.0,0.0006269592476489029,0.9993730407523511,0.0006269592476489029,0.003134796238244514,0.0,0.006896551724137931,0.0,0.0,0.0,0.0,0.9974921630094044,0.0,0.0,0.0006269592476489029,0.0006269592476489029,0.04764890282131661,0.0,0.0,0.0012539184952978057,1.0,0.0,0.0,0.0,1.0,0.0,0.0,0.010658307210031349,0.0006269592476489029,0.0,0.01128526645768025,0.0025078369905956114,0.0,0.0,0.0,0.014420062695924765,0.0025078369905956114,0.0,0.0006269592476489029,0.0,0.0,0.0,1.0,0.0,0.0,0.0012539184952978057,0.0,0.0,0.005642633228840125,0.0006269592476489029,0.0,0.0,0.0018808777429467085,0.0,0.0,0.0,0.0,0.0,0.0,0.0,0.0006269592476489029,0.0,0.0006269592476489029,0.01128526645768025,0.0006269592476489029,0.003761755485893417,0.0,0.0,0.0,0.0,0.0,0.0,0.0006269592476489029,0.0,0.0,0.0018808777429467085,0.0,0.0006269592476489029,0.0,0.0,0.0,0.0,0.0,0.0,0.0,0.0,0.0012539184952978057,0.005015673981191223,0.0,0.0,0.0,0.0,0.0,0.0025078369905956114,0.0,0.0006269592476489029,0.0,0.0,0.0006269592476489029,0.0018808777429467085,0.0,0.0,0.0,0.0,0.0,0.0,0.0,0.0,0.0006269592476489029,0.0,0.0,0.0,0.0,0.0,0.0,0.0,0.0,0.0,0.0,0.0,0.0,0.0,0.0,0.0,0.0,0.0018808777429467085,0.9962382445141066,0.0,0.005642633228840125,0.0,0.0,0.0,0.0012539184952978057,0.0,0.0012539184952978057,0.0,0.0,0.0,0.0,0.0,0.0,0.0,0.0,0.0012539184952978057,1.0,0.0,0.0,0.0006269592476489029,0.0012539184952978057,0.0,0.0025078369905956114,0.0,0.0,0.0,0.0,0.0,0.0,0.0,0.0006269592476489029,0.0,0.0025078369905956114,0.0,0.0,0.0006269592476489029,0.0,0.0,0.0,0.00438871473354232,0.0,0.0,0.0,0.0025078369905956114,0.003134796238244514,0.0,0.0,0.0,0.0,0.0,0.0012539184952978057,0.0006269592476489029,0.0,0.0012539184952978057,0.0,0.0,0.0,0.0012539184952978057,0.0006269592476489029,0.0025078369905956114,0.0,1.0,0.0,0.0012539184952978057,0.9655172413793104,0.003134796238244514,0.0025078369905956114,0.0,0.0,0.009404388714733543,0.0,0.0006269592476489029,0.0,0.0,0.0006269592476489029,0.0,0.0,0.0006269592476489029,0.0,0.0,0.0,0.0,0.0,0.0006269592476489029,0.0,0.9968652037617555,0.0,0.0,0.003134796238244514,0.9956112852664577,0.0006269592476489029,0.005015673981191223,0.0006269592476489029,0.0,0.003761755485893417,0.0,0.0,0.00438871473354232,0.0,0.0012539184952978057,0.0,0.0,0.0006269592476489029,0.0006269592476489029,0.0,0.0,0.003134796238244514,0.0012539184952978057,0.0,0.0,0.0006269592476489029,0.0006269592476489029,0.0012539184952978057,0.0012539184952978057,0.0,0.0012539184952978057,0.014420062695924765,0.0,0.0,0.0006269592476489029,0.0025078369905956114,0.013793103448275862,0.0006269592476489029,0.0,0.0,0.0,0.0,0.0,0.0,0.0,0.0,0.0,0.0025078369905956114,0.0,0.0006269592476489029,0.0,0.0,0.0,0.0,0.0,0.0006269592476489029,0.0006269592476489029,0.0,0.0,0.0,0.0,0.0,0.0,0.0,0.0,0.0,0.0,0.0,0.0,0.0006269592476489029,0.0006269592476489029,0.0,0.0012539184952978057,0.0,0.0,0.0,0.0,0.0,0.9937304075235109,0.0018808777429467085,0.0,0.0,0.003134796238244514,0.9949843260188088,0.0018808777429467085,0.0,0.0,0.0,0.0,0.0006269592476489029,0.0018808777429467085,0.0,0.003134796238244514,0.0,0.0,0.0018808777429467085,0.0012539184952978057,0.0
B.1.177,0.0011025358324145535,0.0014700477765527378,0.005145167217934583,0.0025725836089672913,0.000735023888276369,0.06762219772142594,0.9816244027930908,0.0,0.9959573686144799,0.0003675119441381845,0.0003675119441381845,0.0,0.0,0.0,0.0,0.0018375597206909224,0.0,0.0011025358324145535,0.004777655273796398,0.0,0.0,0.0018375597206909224,0.0,0.000735023888276369,0.0,0.0,0.0,0.0007350238882763689,0.0003675119441381845,0.0,0.0003675119441381845,0.0,0.0,0.0003675119441381845,0.0,0.000735023888276369,1.0,0.0011025358324145535,0.0,0.0,0.0,0.0,0.0,0.0,0.0,0.0,0.0,0.0,0.0,0.0,0.0011025358324145535,0.000735023888276369,0.0,0.0003675119441381845,0.0,0.0,0.0,0.0011025358324145535,0.0,0.0,0.0,0.0,0.000735023888276369,0.0,0.0007350238882763689,0.0011025358324145535,0.0,0.0,0.02462330025725836,0.9933847850055126,0.0,0.0003675119441381845,0.00404263138552003,0.0,0.000735023888276369,0.0025725836089672913,0.0,0.0,0.0,0.009922822491730982,0.00404263138552003,0.006615214994487321,0.004410143329658213,0.0,0.0,0.0,0.0,0.0,0.0,0.000735023888276369,0.0,0.0,0.0003675119441381845,0.0,0.0,0.0,0.0,0.0,0.002940095553105476,0.0,0.0003675119441381845,0.0,0.001470047776552738,0.016905549430356485,0.0,0.0,0.002205071664829107,0.0,0.000735023888276369,0.0011025358324145535,0.0,0.0,0.0003675119441381845,0.00735023888276369,0.014332965821389196,0.0,0.0,0.0,0.0018375597206909224,0.0,0.000735023888276369,0.0,0.021683204704152886,0.0,0.0,0.0,0.0,0.0,0.0,0.0,0.0,0.0,0.0,0.0,0.00404263138552003,0.0,0.0,0.0,0.0,0.0003675119441381845,0.0011025358324145535,0.001470047776552738,0.0003675119441381845,0.0003675119441381845,0.0,0.0,0.0,0.000735023888276369,0.0033076074972436605,0.0011025358324145535,0.00036751194413818446,0.002940095553105476,0.0,0.0,0.0,0.000735023888276369,0.002205071664829107,0.0,0.001470047776552738,0.0003675119441381845,0.0,0.0,0.0,0.0,0.0,0.9974274163910327,0.0003675119441381845,0.00404263138552003,0.003675119441381845,0.0011025358324145535,0.00036751194413818446,0.000735023888276369,0.0003675119441381845,0.0003675119441381845,0.0,0.03932377802278574,0.0,0.000735023888276369,0.0,0.0007350238882763689,0.0,0.0,0.0003675119441381845,0.0,0.0,0.0,0.0003675119441381845,0.006247703050349137,0.0,0.0,0.0,0.002940095553105476,0.0,0.0,0.0,0.0,0.0003675119441381845,0.0,0.0003675119441381845,0.000735023888276369,0.0,0.0003675119441381845,0.0,0.0,0.000735023888276369,0.0003675119441381845,0.0003675119441381845,0.0,0.0,0.0,0.0,0.0033076074972436605,0.0,0.0,0.000735023888276369,0.0003675119441381845,0.0,0.0011025358324145535,0.0011025358324145535,0.0,0.0,0.0,0.0,0.0,0.9731716280779126,0.000735023888276369,0.02462330025725836,0.0011025358324145535,0.21131936787945607,0.0003675119441381845,0.0003675119441381845,0.0003675119441381845,0.004777655273796398,0.0003675119441381845,0.0,0.0003675119441381845,0.0,0.000735023888276369,0.005145167217934583,0.0,0.0,0.0,0.0,0.0,0.0025725836089672913,0.0,0.0,0.0003675119441381845,0.00036751194413818446,0.001470047776552738,0.0,0.0,0.0,0.0,0.0,0.0,0.9933847850055126,0.00036751194413818446,0.0003675119441381845,0.0,0.0,0.0018375597206909224,0.000735023888276369,0.0,0.0,0.0,0.0,0.0,0.0007350238882763689,0.0,0.0,0.0003675119441381845,0.0,0.0,0.0,0.0,0.0,0.0,0.0,0.0007350238882763689,0.0,0.0,0.0,0.0,0.00036751194413818446,0.01727306137449467,0.0,0.0,0.0,0.0,0.0,0.00404263138552003,0.0,0.0,0.0,0.0,0.0,0.006247703050349137,0.0,0.0,0.0,0.0,0.0,0.0,0.0,0.0,0.0011025358324145535,1.0,0.001470047776552738,0.0,0.00036751194413818446,0.0018375597206909224,0.0,0.010290334435869165,0.0,0.0,0.0,0.0,0.0,0.000735023888276369,0.0003675119441381845,0.0,0.0,0.0025725836089672913,0.0,0.0,0.0003675119441381845,0.0,0.0,0.0,0.0,0.0,0.001470047776552738,0.0003675119441381845,0.0025725836089672913,0.001470047776552738,0.0,0.0,0.0,0.0,0.0,0.000735023888276369,0.0,0.0,0.06725468577728776,0.006982726938625505,0.000735023888276369,0.0,0.001470047776552738,0.0011025358324145535,0.0,0.0,0.00036751194413818446,0.0003675119441381845,0.015067989709665565,0.000735023888276369,0.007717750826901874,0.00404263138552003,0.0,0.0,0.001470047776552738,0.0007350238882763689,0.0,0.0,0.000735023888276369,0.000735023888276369,0.0,0.001470047776552738,0.0018375597206909224,0.0,0.0,0.0,0.0,0.0,0.00036751194413818446,0.0,0.0003675119441381845,0.0,0.99191473722896,0.002940095553105476,0.0,0.0,0.00735023888276369,0.0003675119441381845,0.0,0.0003675119441381845,0.00036751194413818446,0.00036751194413818446,0.006247703050349137,0.0,0.0,0.0,0.0,0.0011025358324145535,0.006247703050349137,0.0,0.0,0.001470047776552738,0.0,0.0,0.0,0.0,0.0011025358324145535,0.0025725836089672913,0.0,0.0,0.0003675119441381845,0.007717750826901874,0.0,0.0,0.000735023888276369,0.0,0.013597941933112825,0.0011025358324145535,0.0,0.0,0.0,0.0,0.0,0.0,0.0,0.0,0.0011025358324145535,0.0025725836089672913,0.0,0.0003675119441381845,0.0,0.0,0.0,0.0,0.0003675119441381845,0.001470047776552738,0.008820286659316428,0.0,0.0,0.0003675119441381845,0.005512679162072767,0.0003675119441381845,0.0,0.0003675119441381845,0.0,0.0,0.0,0.0,0.0,0.0,0.0003675119441381845,0.0,0.0,0.0003675119441381845,0.0003675119441381845,0.0,0.9974274163910327,0.0,0.0,0.0,0.0,0.0003675119441381845,0.0003675119441381845,0.0,0.10069827269386256,0.0,0.0,0.0,0.002205071664829107,0.0,0.9676589489158398,0.003675119441381845,0.006615214994487321,0.0,0.0,0.001470047776552738,0.0033076074972436605,0.0
B.1.1.7,0.0003288256812857084,0.0032471536026963707,0.001109786674339266,0.0023428829791606724,0.005959965473303465,0.002014057297874964,0.9930535574828394,4.110321016071355e-05,0.0,4.110321016071355e-05,8.22064203214271e-05,4.110321016071355e-05,0.0,0.0006165481524107033,0.9970405688684286,0.0003288256812857084,0.0,0.0,0.0006576513625714168,4.110321016071355e-05,0.0,0.0018085412470713962,0.0,4.110321016071355e-05,0.0006987545727321304,0.0,4.110321016071355e-05,0.001644128406428542,4.110321016071355e-05,0.0,8.22064203214271e-05,0.00012330963048214067,8.22064203214271e-05,0.0006987545727321304,0.0,0.00020551605080356775,0.9997944839491965,0.0009864770438571253,0.9994656582679107,4.110321016071355e-05,0.0,0.00012330963048214067,0.000822064203214271,0.0,0.0,4.110321016071355e-05,0.00012330963048214067,0.00012330963048214067,0.0,0.0,0.002219573348678532,0.002753915080767808,0.0009453738336964117,0.000822064203214271,0.00020551605080356775,0.0012330963048214065,0.0,0.0010686834641785523,0.0009042706235356981,0.0004932385219285627,0.0,0.9978215298614822,0.0,0.00024661926096428133,0.0012330963048214065,0.99827366517325,0.00020551605080356775,8.22064203214271e-05,0.00184964445723211,0.0034115664433392247,0.0,0.0009042706235356981,0.0008631674133749846,4.110321016071355e-05,4.110321016071355e-05,0.0006165481524107033,8.22064203214271e-05,0.9964651239261786,0.0,0.0010686834641785523,0.0009042706235356981,0.0008631674133749846,0.00036992889144642194,0.015372600600106865,0.00036992889144642194,4.110321016071355e-05,0.0,0.0,0.0002877224711249949,0.004603559537999918,8.22064203214271e-05,8.22064203214271e-05,4.110321016071355e-05,0.0,0.0002877224711249949,0.00012330963048214067,0.0060010686834641785,8.22064203214271e-05,0.004274733856714209,0.0,4.110321016071355e-05,0.00012330963048214067,0.00045213531176784905,0.0013153027251428335,0.0001644128406428542,0.0,0.0028361215010892353,0.0,0.0001644128406428542,0.0006576513625714168,4.110321016071355e-05,0.0010275802540178388,0.0006576513625714168,0.024620822886267418,0.0020551605080356776,0.0,0.0,0.0,0.0008631674133749846,0.0,0.00045213531176784905,0.0,0.010275802540178389,0.0006576513625714168,0.0,0.0013564059353035473,0.0,0.0,0.0,8.22064203214271e-05,4.110321016071355e-05,0.0,0.0,0.0007398577828928439,0.0012330963048214065,0.0,0.014838258868017592,0.00024661926096428133,8.22064203214271e-05,0.02614164166221382,0.004233630646553496,0.003206050392535657,0.0,8.22064203214271e-05,0.005261210900571334,0.0,0.00045213531176784905,0.00509679805992848,0.001191993094660693,0.0010275802540178388,0.000822064203214271,0.0003288256812857084,0.00020551605080356775,0.0,0.0,0.004028114595749928,0.009248222286160549,0.0,0.0017674380369106827,0.00127419951498212,0.00036992889144642194,0.00012330963048214067,0.0,0.0001644128406428542,0.0003288256812857084,0.9989724197459822,0.9990957293764643,0.0013564059353035473,0.0006987545727321304,0.0031649471823749437,0.9995889678983929,0.0021784701385178184,0.0001644128406428542,0.00024661926096428133,8.22064203214271e-05,0.0001644128406428542,0.9990957293764643,0.002383986189321386,0.007480784249249866,8.22064203214271e-05,0.00012330963048214067,0.0,0.0010275802540178388,0.0,0.0,0.0,0.0,0.0002877224711249949,0.00045213531176784905,0.0,0.00012330963048214067,0.0001644128406428542,0.0006576513625714168,4.110321016071355e-05,0.00012330963048214067,0.0,0.0002877224711249949,4.110321016071355e-05,0.001191993094660693,0.001561921986107115,0.0,0.002014057297874964,0.0002877224711249949,8.22064203214271e-05,0.0,0.001191993094660693,0.0,0.0,4.110321016071355e-05,0.0,0.0003288256812857084,0.0011508898844999795,0.00012330963048214067,0.0,0.0006576513625714168,0.002219573348678532,0.0004932385219285627,8.22064203214271e-05,0.0008631674133749846,0.0,0.0009042706235356981,0.0,0.0004932385219285627,0.0009453738336964117,0.0006576513625714168,0.00184964445723211,0.017551070738624688,0.0008631674133749846,0.0023428829791606724,4.110321016071355e-05,0.001561921986107115,0.0,0.001191993094660693,0.0013564059353035473,0.00012330963048214067,0.0013975091454642608,0.0,0.0005754449422499898,0.003987011385589215,4.110321016071355e-05,0.0002877224711249949,0.001931850877553537,0.0,0.0013564059353035473,0.0,0.006987545727321303,0.0005754449422499898,0.0006165481524107033,0.0009042706235356981,0.0007809609930535575,0.0002877224711249949,8.22064203214271e-05,0.0,0.0,0.0,0.0001644128406428542,0.0014797155657856878,0.0009453738336964117,0.0003288256812857084,4.110321016071355e-05,0.0,0.006124378313946319,0.006206584734267747,0.0,0.001644128406428542,0.0,0.0,4.110321016071355e-05,0.00012330963048214067,4.110321016071355e-05,0.0,0.0002877224711249949,0.0,0.0,0.0,0.0,0.0,0.0,0.0,0.0004932385219285627,4.110321016071355e-05,0.00020551605080356775,0.0,0.0,8.22064203214271e-05,0.00024661926096428133,0.0,0.0,0.0087960869743927,4.110321016071355e-05,0.0004110321016071355,0.015331497389946155,0.0,0.0,0.0,0.0007809609930535575,0.0003288256812857084,0.0008631674133749846,0.00024661926096428133,0.0,0.9970816720785893,0.0,0.0,8.22064203214271e-05,0.9971638784989107,0.0,0.0004932385219285627,0.9999177935796786,0.0005754449422499898,0.0,0.0014797155657856878,0.0006576513625714168,0.0,0.0016852316165892557,0.0012330963048214065,0.0,0.00867277734391056,0.9880800690533931,0.0034526696534999384,0.9996300711085536,8.22064203214271e-05,0.0,0.0,4.110321016071355e-05,0.0,0.00024661926096428133,0.0003288256812857084,4.110321016071355e-05,0.0,0.0,0.0,0.0,8.22064203214271e-05,0.00012330963048214067,0.00184964445723211,0.0015208187759464015,0.0003288256812857084,0.0,0.0,0.0,0.9998766903695179,0.0,0.0009864770438571253,0.9974927041801964,0.0007809609930535575,8.22064203214271e-05,0.001561921986107115,0.0009453738336964117,0.0006165481524107033,0.001109786674339266,0.0009864770438571253,0.0,0.0013153027251428335,0.00020551605080356775,0.008590570923589131,0.0013564059353035473,0.006494307205392741,0.0008631674133749846,4.110321016071355e-05,0.0,0.005055694849767766,0.0005754449422499898,4.110321016071355e-05,0.00012330963048214067,0.00020551605080356775,0.0008631674133749846,0.0,0.0002877224711249949,8.22064203214271e-05,8.22064203214271e-05,8.22064203214271e-05,4.110321016071355e-05,0.0,0.002671708660446381,0.005343417320892762,0.0,0.0017674380369106827,0.002383986189321386,0.0,0.0030005343417320893,0.0,0.0,0.003575979283982079,0.0004932385219285627,0.0,0.0009864770438571253,0.0005754449422499898,0.0005754449422499898,0.00382259854494636,0.0,0.0018907476673928234,4.110321016071355e-05,4.110321016071355e-05,0.002383986189321386,0.001191993094660693,0.0003288256812857084,0.0001644128406428542,0.0005754449422499898,0.0,0.0009042706235356981,0.0,8.22064203214271e-05,0.0,0.9988902133256607,0.0007398577828928439,0.9985202844342144,0.00012330963048214067,0.001191993094660693,0.999136832586625,0.0,4.110321016071355e-05,0.0020551605080356776,0.004274733856714209,0.0005754449422499898,0.0002877224711249949,0.0002877224711249949,0.0,0.9861893213860002,0.9857782892843931,0.9890665460972502,4.110321016071355e-05,0.0,0.0001644128406428542,0.0032471536026963707,0.0,0.0004110321016071355,0.0004110321016071355,0.00024661926096428133,8.22064203214271e-05,0.0005343417320892762,0.0,0.0005754449422499898,0.002466192609642813,0.00020551605080356775,0.0,0.0005754449422499898,0.0006576513625714168,4.110321016071355e-05,0.0,4.110321016071355e-05,0.0,0.007604093879732007,0.006987545727321303,0.0,0.9967939496074644,0.0,0.9965884335566608,0.99712277528875,0.0002877224711249949,4.110321016071355e-05,8.22064203214271e-05,0.0,0.0,0.0,0.0,0.0002877224711249949,0.9986435940646965,0.003987011385589214,0.0006165481524107033,0.0,0.0004110321016071355,0.0006165481524107033,0.0,4.110321016071355e-05,0.003041637551892803,0.00012330963048214067,0.001109786674339266,0.0006987545727321304,0.0014386123556249743,0.0001644128406428542,0.0,0.0005754449422499898,0.0013153027251428335,4.110321016071355e-05
B.1.351,0.0,0.0,0.992133726647001,0.003933136676499509,0.0,0.0,0.992133726647001,0.0,0.0,0.0,0.0,0.0,0.0,0.0,0.0,1.0,0.0,0.0,0.0,0.0,0.0,0.0009832841691248771,0.0,0.0,0.0,0.0,0.0,0.0,0.0,0.8377581120943953,0.0,0.0,0.0,0.0,0.0,0.0,1.0,0.0,0.0,0.0,0.0,0.0,0.0,0.0,0.0,0.0,0.0,0.0,0.0,0.0,0.0,0.0,0.0,0.0,0.0,0.0,0.0,0.0009832841691248771,0.0,0.9990167158308751,0.0,0.0,0.0,0.0,0.0029498525073746312,0.0,0.0,0.0,0.0,0.0,0.0,0.012782694198623401,0.001966568338249754,0.0,0.0,0.000983284169124877,0.0,0.0,0.0,0.0,0.000983284169124877,0.0,0.0,0.0,0.0,0.0,0.0,0.0,0.0,0.0019665683382497543,0.0,0.0,0.0,0.0,0.0,0.0,0.000983284169124877,0.0,0.0019665683382497543,0.0,0.0,0.0,0.0,0.000983284169124877,0.0,0.0,0.0,0.0,0.0,0.0,0.0,0.003933136676499508,0.000983284169124877,1.0,0.23500491642084562,0.0,0.0,0.0,0.0,0.0,0.0,0.0,0.00688298918387414,0.0,0.0,0.0,0.0,0.0,0.0,0.0,0.0,0.0,0.0,0.0,0.0,0.0,0.0,0.0,0.0,0.14847590953785644,0.0029498525073746312,0.0009832841691248771,0.0,0.0,0.0,0.0,0.0,0.000983284169124877,0.000983284169124877,0.000983284169124877,0.001966568338249754,0.0,0.0,0.0,0.0,0.0,0.0,0.0,0.000983284169124877,0.0,0.0,0.0,0.0,0.0,0.0,0.9705014749262537,0.0,0.001966568338249754,0.0,0.0,0.0,0.000983284169124877,0.0,0.0009832841691248771,0.0,0.0,0.0,0.0,0.0,0.0,0.0,0.0,0.0,0.0,0.0,0.0,0.0,0.0029498525073746312,0.0,0.0,0.0,0.000983284169124877,0.000983284169124877,0.0,0.0,0.0,0.0,0.0,0.0,0.0,0.0,0.0,0.0,0.0,0.0,0.0,0.0,0.0,0.0,0.0,0.0,0.0,0.0,0.0,0.000983284169124877,0.001966568338249754,0.0,0.0,0.0,0.0,0.0,0.0,0.0,0.0,0.0,0.0009832841691248771,0.012782694198623401,0.0,0.5132743362831859,0.0,0.001966568338249754,0.0,0.001966568338249754,0.0,0.0,0.00688298918387414,1.0,0.0,0.0,0.0,0.00688298918387414,0.0,0.0,0.0,0.0,0.0,0.0,0.0,0.0,0.0,0.0,0.0,0.0,0.0,0.0,0.992133726647001,0.0029498525073746312,0.0,0.0,0.0,0.0,0.0,0.000983284169124877,0.0,0.0,0.0,0.0,0.0,0.0,0.0,0.0,0.0,0.0,0.0,0.0,0.0,0.0,0.0,0.0,0.0,0.0,1.0,0.0,0.0,0.0,0.0,0.0,0.0,0.24090462143559488,0.0,0.0,0.9960668633235005,0.0,0.0,0.0,0.0,0.0,0.0,0.000983284169124877,0.0,0.9950835791543756,0.0,0.0,0.0,0.0,0.000983284169124877,0.0,1.0,0.0,0.0,0.000983284169124877,0.0,0.0,0.0,0.0,0.0,0.0,0.0,0.9990167158308751,0.001966568338249754,0.0,0.000983284169124877,0.0,0.001966568338249754,0.0,0.0,0.0,0.0,0.0,0.0,0.0,0.0,0.024582104228121928,0.0,0.0009832841691248771,0.003933136676499509,0.0,0.0,0.0,0.0,0.0,0.0,0.000983284169124877,0.0,0.000983284169124877,0.0,0.0,0.0,0.0,0.0,0.0,0.0,0.9990167158308751,0.0,0.0029498525073746312,0.0,0.9960668633235005,0.0,0.0,0.0,0.0,0.0,0.0,0.0,0.0,0.0,0.0,0.0,0.9980334316617503,0.0,0.0,0.0,0.0,0.0,0.000983284169124877,0.0,0.0,0.0,0.0,0.0,0.0,0.0,0.0,0.0,0.0,0.000983284169124877,0.0,0.0,0.0019665683382497543,0.008849557522123894,0.0,0.0,0.0,0.0,0.0009832841691248771,0.0,0.0,0.0,0.0,0.0,0.0,0.0,0.0,0.000983284169124877,0.0,0.0,0.0,0.0,0.0,0.0,0.0,0.0,0.9872173058013766,0.0,0.0,0.0,0.0,0.0,0.0,0.0,0.004916420845624385,0.0,0.0058997050147492625,0.0,0.0,0.0,0.0,0.0,0.0,0.0,0.0,0.000983284169124877,0.000983284169124877,0.0,0.0,0.0,0.0,0.0,0.0,0.0,0.0,0.0,0.0,0.0,0.000983284169124877,0.0,0.0,0.0,1.0,0.0,0.0,0.0,0.0,0.0,0.0,0.0009832841691248771,0.0,0.0,0.0,0.0,0.0,0.0,0.0,0.0,0.0,0.0,0.0,0.0,0.0,0.0009832841691248771,0.0,0.0,0.0,0.0
C.16,0.0,0.0,0.0,0.0,0.0,0.0,1.0,0.0,0.0,0.0,0.0,0.0,0.0,0.0,0.0,0.0,0.0,0.0,0.0,0.0,0.0,0.0,0.0,0.0,0.0,0.0,0.0,0.0,0.0,0.0,0.0,0.0,0.0,0.0,0.0,0.0,1.0,0.0,0.0,1.0,0.0,0.0,0.0,0.0,0.0,0.0,0.0,1.0,0.0,0.0,0.0,0.0,0.0,0.0,0.0,0.0,0.0,0.0,0.0,0.0,0.0,0.0,0.0,0.0,0.0,0.0,0.0,0.0,0.0,0.0,0.0,0.0,0.0,0.0,0.0,0.0,0.0,0.0,0.0,0.0,0.0,0.0,0.0,0.0,0.0,0.0,0.75,0.0,0.0,0.0,0.0,0.0,0.0,0.0,0.0,0.0,0.0,0.0,0.0,0.0,0.0,0.0,0.0,1.0,0.0,0.0,0.0,0.0,0.0,0.0,1.0,0.0,0.0,0.0,0.0,0.0,0.0,0.0,0.0,0.0,0.0,0.0,0.0,0.0,0.0,0.0,0.0,0.0,0.0,0.0,0.0,0.0,0.0,0.0,0.0,0.0,0.0,0.0,0.0,0.0,0.875,0.0,0.0,0.0,0.0,0.0,0.0,0.0,0.0,0.0,1.0,0.0,0.0,0.0,0.0,0.0,1.0,0.0,0.0,0.0,0.0,0.0,0.0,0.0,0.0,1.0,0.0,0.0,0.0,0.0,0.0,0.0,0.0,0.0,0.0,0.0,0.0,0.0,0.0,0.0,0.0,0.0,0.0,0.0,0.0,0.0,0.0,0.0,0.0,0.0,0.0,0.0,0.0,0.0,0.0,0.0,0.0,0.0,0.0,0.0,0.0,0.0,0.0,0.0,0.75,0.0,0.0,0.0,0.0,0.0,0.0,0.0,0.0,0.0,0.0,0.0,0.0,0.0,0.0,0.0,0.0,0.0,0.0,0.0,0.0,0.0,0.0,0.0,0.0,0.0,0.0,0.0,0.0,0.0,0.0,0.0,0.0,0.0,0.0,0.0,0.0,0.0,0.0,0.0,0.0,0.0,0.0,0.0,0.0,0.0,0.0,0.0,0.0,0.0,0.0,0.0,0.0,0.0,0.0,0.0,0.0,0.0,0.0,0.0,0.0,0.0,0.0,0.0,0.0,0.0,0.0,0.0,0.0,0.0,0.0,0.0,0.0,0.0,0.0,0.0,0.0,0.0,0.0,0.0,0.0,1.0,0.0,0.0,0.0,0.0,0.0,0.0,0.0,0.0,0.0,0.0,0.0,0.0,0.0,0.0,0.0,0.0,0.0,0.0,0.0,0.0,0.0,1.0,0.0,0.0,0.0,0.0,0.0,0.0,0.0,0.0,0.0,0.0,0.0,0.0,1.0,0.0,0.0,0.75,0.0,0.0,0.0,0.0,0.0,0.0,0.0,0.0,0.0,0.0,0.0,0.0,0.0,0.0,0.0,0.0,0.0,0.0,0.0,0.0,0.125,0.0,0.0,0.0,0.0,0.0,0.0,0.0,0.0,0.0,0.0,0.0,0.0,0.75,0.0,0.0,0.75,0.0,0.0,0.0,0.0,0.0,0.0,0.0,0.0,0.0,0.0,0.0,0.0,0.0,0.0,0.0,0.0,0.0,0.0,0.0,0.0,0.0,0.0,0.0,0.0,0.0,0.0,0.0,0.0,0.0,0.0,0.0,0.0,0.0,0.0,0.0,0.0,0.0,0.0,0.0,0.0,0.0,0.0,0.0,0.0,0.0,0.7083333333333334,0.0,0.0,0.0,0.0,0.0,0.0,0.0,0.0,0.0,0.0,0.0,0.0,0.0,0.0,0.0,0.0,0.0,0.0,0.0,0.0,0.0,0.0,0.0,0.0,0.0,0.0,0.0,0.0,0.75,0.0,0.0,0.0,0.0,0.0,0.0,0.0,0.0,0.9166666666666666,0.0,0.9166666666666666,0.9166666666666666,0.0,0.0,0.0,0.0,0.0,0.0,0.0,0.0,0.0,0.0,0.75,0.0,0.0,1.0,0.0,0.0,0.0,0.0,0.0,0.0,0.0,0.0,0.0,0.0,0.0,0.0
P.1,0.0,0.0,0.0,0.0009940357852882703,0.0009940357852882703,0.003976143141153081,0.9950298210735586,0.0,0.0,0.0,0.0009940357852882703,0.0,0.0,0.9880715705765407,0.0,0.0,0.0,0.0,0.0,0.0009940357852882703,0.0,0.0009940357852882703,0.0,0.0,0.0,0.0,0.0,0.0,0.0,0.0,1.0,0.0,0.0,0.0,0.0,0.0,1.0,0.0,0.0,0.0,0.0,0.0,0.9811133200795229,0.0,0.0,0.0,0.0,0.0,0.0,0.0,0.004970178926441352,0.0,0.0,0.0,0.0,0.0,0.0,0.0,0.0,0.0,0.0,0.0,0.0,0.9980119284294234,0.0,0.0,0.0,0.0,0.0,0.0,0.9821073558648111,0.0,0.003976143141153081,0.0,1.0,0.0,0.003976143141153081,0.0,0.0,0.0019880715705765406,0.0,0.011928429423459244,0.0,0.0,0.0,0.0,0.0,0.0,0.0,0.0,0.0,0.0,0.0,0.0,0.0,0.0,0.002982107355864811,0.0,0.0,0.0,0.0,0.0,0.041749502982107355,0.0,0.0,0.0,0.009940357852882704,0.0009940357852882703,0.0,0.0,0.0,0.0,0.0,0.07455268389662027,0.005964214711729622,0.0,0.0,0.0,0.0,0.0,0.0,0.0,0.003976143141153081,0.0,0.0009940357852882703,0.0,0.0,0.0,0.0,0.0009940357852882703,0.0,0.0,0.0,0.0009940357852882703,0.0,0.0,0.0,0.0,0.0,0.002982107355864811,0.0019880715705765406,0.0019880715705765406,0.0,0.0,0.0,0.0,0.0,0.0009940357852882703,0.0,0.9990059642147118,0.0,0.0,0.0,0.0,0.0,0.0,0.002982107355864811,0.5695825049701789,0.9990059642147118,0.0,0.0,0.0,0.0,0.0,0.0009940357852882703,0.9980119284294234,0.0,0.0,0.002982107355864811,0.005964214711729622,0.0,0.0,0.0,0.0,0.0,0.0,0.0,0.004970178926441352,0.0,0.0,0.0,0.0,0.0,0.0,0.0,0.0,0.0,0.005964214711729622,0.0,0.0,0.0,0.9990059642147118,0.0,0.0,0.0,0.0,0.0,0.0,0.002982107355864811,0.0,0.0,0.0,0.003976143141153081,0.0,0.0,0.0,0.0,0.0,0.0,0.0,0.0,0.003976143141153081,0.0,0.0,0.004970178926441352,0.0009940357852882703,0.0019880715705765406,0.0019880715705765406,0.0,0.0,0.0,0.0,0.0,0.0019880715705765406,0.0,0.0,0.006958250497017893,0.0019880715705765406,1.0,0.0,0.0,1.0,0.0,1.0,0.0,0.0,0.0,0.0019880715705765406,0.004970178926441352,0.0,0.9850894632206759,0.0,0.0,0.0,0.0,0.0019880715705765406,0.0,0.0,0.0,0.0,0.0,0.9970178926441352,0.0,0.0,0.0,0.0,0.0,0.0,0.0,0.0,0.0,0.0,0.0009940357852882703,0.0,0.0,0.0,0.0,0.0,0.0,0.0,0.0,0.0,0.0,0.0,0.0009940357852882703,0.0,0.0,0.0,0.0,0.0,0.9811133200795229,0.0,0.0,0.0,0.0,0.0,0.0,0.0,0.0,0.0,0.0,0.9980119284294234,0.0,0.0,0.0,0.0,0.0,0.0,0.0,0.0,0.9970178926441352,0.0,0.0,0.0,0.0,0.0,0.0,1.0,0.0,0.0,0.002982107355864811,0.9990059642147118,0.0,0.0,0.0,0.0,0.003976143141153081,0.06759443339960239,0.0009940357852882703,0.0,0.0,0.0,0.0,0.0,0.0,0.0,0.0,0.0,0.0,0.0,0.0,0.0,0.0,0.0,0.0,0.0,0.0,0.0,0.0,0.0,0.0,1.0,0.0009940357852882703,0.0,0.0,0.989065606361829,0.012922465208747515,0.0,0.011928429423459244,0.0,0.0,0.0,0.0009940357852882703,0.0,0.0009940357852882703,0.0009940357852882703,0.0009940357852882703,0.0,0.0,0.0,0.02186878727634195,0.0,0.9990059642147118,0.0,0.0,0.0,0.0,0.0019880715705765406,0.0,0.0,0.0,0.0,0.0,0.0,0.0,0.0,0.0,0.0,0.0,0.0,0.0,0.0,0.0,0.0,0.0,0.0,0.0,0.0,0.0,0.0,0.0,0.0,0.0,0.0,0.0,0.0009940357852882703,0.0,0.0009940357852882703,0.0,0.0,0.0,0.0,0.0,0.0009940357852882703,0.0,0.0,0.0,0.0009940357852882703,0.0,0.0,0.9940357852882704,0.0,0.0,0.0,0.0,0.0,0.0,0.0,0.0,0.0,0.0,0.0,0.002982107355864811,0.0,0.0,0.0,0.0,0.002982107355864811,0.0,0.0,0.9990059642147118,0.0,0.0,0.0,0.0,0.0009940357852882703,0.0,0.0,0.0,0.0,0.0,0.889662027833002,0.7504970178926441,0.0,0.7504970178926441,0.0,0.7465208747514911,0.9383697813121272,0.0019880715705765406,0.0,0.0,0.0,0.0,0.0,0.0,0.0,0.0009940357852882703,0.0,0.0,0.0,0.0,0.0,0.0,0.0,0.007952286282306162,0.0,0.0,0.0,0.06063618290258449,0.0009940357852882703,0.0,0.002982107355864811,0.0,0.9423459244532804
A.28,0.024390243902439025,0.0,0.0,0.0,0.0,0.0,0.012195121951219513,0.0,0.0,1.0,1.0,0.0,0.0,0.0,0.0,0.0,0.0,0.0,0.0,0.0,0.0,0.0,0.0,0.0,1.0,0.0,0.0,0.0,0.0,0.0,0.0,0.0,0.0,0.0,0.0,0.0,0.0,0.0,0.0,0.0,0.0,0.0,0.0,0.0,0.0,0.0,0.0,0.0,0.0,0.0,0.0,0.0,0.0,0.0,0.0,0.0,0.0,0.0,0.0,0.0,0.0,0.0,0.0,0.0,0.0,0.024390243902439025,0.0,0.0,0.0,0.0,0.0,0.0,0.9634146341463414,0.0,0.0,0.0,0.0,0.0,0.0,0.0,0.0,0.0,0.012195121951219513,0.0,0.012195121951219513,0.0,0.0,0.0,1.0,0.0,0.0,0.0,0.0,0.0,0.0,0.0,0.0,0.0,0.0,0.0,0.0,0.0,0.0,0.0,0.0,0.0,0.0,0.0,0.9146341463414634,0.0,0.0,0.0,0.0,0.0,0.0,0.0,0.0,0.0,0.0,1.0,0.0,0.0,0.06097560975609756,0.0,0.0,0.0,0.0,0.0,0.0,0.0,0.0,0.0,0.0,0.0,0.0,0.0,0.0,0.0,0.0,0.0,0.0,0.0,0.0,0.0,0.0,0.0,0.975609756097561,0.0,0.0,0.0,0.036585365853658534,0.0,0.0,0.0,0.0,0.0,0.0,0.0,0.0,0.0,0.0,0.0,0.0,0.0,0.0,0.0,0.0,0.0,0.06097560975609756,0.0,0.0,0.0,0.0,0.0,0.0,0.0,0.0,0.0,1.0,0.0,0.0,0.0,0.0,0.0,0.0,0.0,1.0,0.0,0.0,0.0,0.0,0.0,0.0,0.0,0.0,0.0,0.0,0.0,0.0,0.0,0.0,0.0,0.0,0.0,0.0,0.0,0.0,0.0,0.0,0.0,0.0,0.0,0.0,0.0,0.0,0.0,0.0,0.0,0.0,0.0,0.0,0.0,0.0,0.0,0.0,0.0,0.024390243902439025,0.0,0.0,0.0,0.0,0.0,0.0,0.0,0.0,0.0,0.0,0.0,0.0,0.0,0.0,0.0,0.0,0.0,0.0,0.0,0.0,0.0,0.0,0.0,0.0,0.0,0.0,0.0,0.0,0.0,0.0,0.0,0.0,0.0,0.0,0.0,1.0,0.0,0.0,0.0,0.0,0.0,0.0,0.0,0.0,0.0,0.0,0.0,0.0,0.0,0.0,0.0,0.0,0.0,0.0,0.0,0.0,0.0,0.0,0.0,0.0,0.0,0.0,0.0,0.0,0.0,0.0,0.0,0.0,0.0,0.0,0.0,0.0,0.0,0.0,1.0,0.0,0.0,0.0,0.0,0.0,0.0,0.0,0.0,0.0,1.0,0.0,0.0,0.0,0.0,0.0,0.0,0.0,0.0,0.0,0.0,0.0,0.0,0.0,0.0,0.0,0.0,0.0,0.0,0.0,0.0,0.0,0.0,0.0,0.0,0.0,0.0,0.0,0.0,0.0,0.0,0.0,0.0,0.0,0.0,0.0,0.0,0.0,0.0,0.0,0.0,0.0,0.0,0.0,0.0,1.0,0.0,0.0,0.0,0.0,0.0,0.0,0.0,0.0,0.0,0.0,0.0,0.0,0.0,0.0,0.0,0.0,0.0,0.0,0.0,0.0,0.0,0.0,0.0,0.0,0.0,0.0,0.0,0.0,1.0,0.0,0.0,0.0,0.0,0.0,1.0,0.0,0.0,0.0,0.0,0.0,0.0,0.0,0.0,0.0,0.0,0.0,0.0,0.0,0.0,0.0,0.0,0.0,1.0,0.0,0.0,0.0,0.0,0.0,1.0,0.0,0.0,0.0,0.0,0.0,0.0,0.0,0.0,0.0,0.0,1.0,0.0,0.0,0.0,0.0,0.0,0.0,0.0,0.0,0.0,0.0,0.0,0.0,0.0,0.0,0.0,0.0,1.0,0.0,0.0,0.0,0.0,0.0,0.0,0.0,0.0,0.0,0.0,0.0,0.0,0.0,0.0,0.0,0.0,0.0,0.0,0.0,0.0,0.012195121951219513,0.0,0.0,0.0,0.0,0.9878048780487805,0.0,0.0,0.0,0.0
P.2,0.0,1.0,0.0,0.0,0.0,0.0,1.0,0.0,0.0,0.0,0.0,0.0,0.0,0.0,0.0,0.0,0.0,0.0,0.0,0.0,0.0,0.0,0.0,0.0,0.0,0.0,0.0,0.0,0.0,0.0,0.0,0.0,0.0,0.0,0.0,0.0,1.0,0.0,0.0,0.0,0.0,0.0,0.0,0.0,0.0,0.0,0.0,0.0,0.0,0.0,0.0,0.0,0.0,0.0,0.0,0.0,0.0,0.0,0.0,0.0,0.0,0.0,0.0,0.0,0.5416666666666666,0.0,0.0,0.0,0.0,0.041666666666666664,0.0,0.0,0.0,0.0,0.0,0.0,0.0,0.0,0.0,0.0,0.0,0.0,0.0,0.0,0.0,0.0,0.0,0.0,0.0,0.0,0.0,0.0,0.0,0.0,0.0,0.0,0.0,0.0,0.0,0.0,0.0,0.0,0.0,0.0,0.0,0.0,0.0,0.0,0.0,0.0,0.0,0.0,0.0,0.0,0.0,0.0,0.0,1.0,0.0,0.0,0.0,0.0,0.0,0.0,0.0,0.0,0.0,0.0,0.0,0.0,0.0,0.0,0.0,0.0,0.5416666666666666,0.0,0.0,0.0,0.0,0.0,0.0,1.0,1.0,0.0,0.0,0.0,0.0,0.0,0.0,0.0,0.0,0.0,0.9583333333333334,0.0,0.0,0.0,0.0,0.0,0.0,0.0,0.0,0.0,0.0,0.0,0.0,1.0,0.0,0.0,0.0,0.0,0.0,0.0,0.0,0.0,0.0,0.0,0.0,0.0,0.0,0.0,0.0,0.0,0.0,0.0,0.0,0.0,0.0,0.0,0.0,0.0,0.0,0.0,0.0,0.0,0.0,0.0,0.0,0.0,0.0,0.08333333333333333,0.0,0.0,0.0,0.0,0.0,0.0,0.0,0.0,0.0,0.0,0.0,0.0,0.0,0.0,0.0,0.0,0.0,0.0,0.0,0.0,0.0,0.0,0.0,0.625,0.0,0.0,0.0,0.0,0.041666666666666664,0.0,0.0,0.0,0.0,0.0,0.0,0.0,0.0,0.0,0.0,0.0,0.0,0.0,0.0,0.0,0.0,0.0,0.0,0.0,0.0,0.0,0.0,0.0,0.0,0.0,0.0,0.0,0.0,0.0,0.0,0.0,0.0,0.0,0.0,0.0,0.0,0.0,0.0,0.0,0.0,0.0,0.0,0.0,0.0,0.0,0.0,0.0,0.0,0.0,0.0,0.0,0.0,0.0,0.0,0.0,0.0,0.0,0.0,0.0,0.0,0.0,0.0,1.0,0.0,0.0,0.0,0.0,0.0,0.0,0.0,0.0,0.0,0.0,0.0,0.0,0.0,0.0,0.0,1.0,0.0,0.0,0.0,0.0,0.0,0.0,0.0,0.0,0.0,0.0,0.0,0.0,0.0,0.0,0.0,0.0,0.0,0.0,0.041666666666666664,0.0,0.0,0.0,0.0,0.0,0.0,0.0,0.0,0.0,0.0,0.0,0.0,0.0,0.0,0.0,0.0,0.0,0.0,1.0,0.0,0.0,0.0,0.0,0.0,0.0,0.0,0.0,0.0,0.0,0.0,0.0,0.0,0.0,0.0,0.0,0.0,0.0,0.0,0.0,0.0,0.0,0.0,0.0,0.0,0.0,0.0,0.0,0.0,0.0,0.0,0.0,0.0,0.0,0.0,0.0,0.0,0.0,0.0,0.0,0.0,0.0,0.0,0.0,0.0,0.0,0.0,0.625,0.0,0.0,0.0,0.0,0.0,0.0,0.625,0.0,0.0,0.0,0.0,0.0,0.0,0.0,0.0,0.0,0.0,0.0,1.0,0.0,0.0,0.0,0.0,0.0,0.0,0.0,0.0,0.0,0.0,0.0,0.0,0.0,0.0,0.0,0.0,0.0,0.0,1.0,0.0,0.0,0.0,0.0,0.041666666666666664,0.0,0.0,0.0,0.0,0.0,0.0,0.0,1.0,0.0,1.0,1.0,0.0,0.0,0.0,0.0,0.0,0.0,0.0,1.0,0.0,0.0,0.0,0.0,0.0,0.0,0.0,0.0,0.0,0.0,0.0,0.041666666666666664,0.0,0.0,0.0,1.0,0.0,0.0
A.27,0.0,0.0,0.0,0.0,0.0,0.0,0.0,1.0,0.0,0.0,0.0,0.0,0.0,0.0,0.0,0.0,0.0,1.0,0.0,0.0,0.0,0.0,0.0,0.0,0.0,0.0,0.0,1.0,0.0,0.0,0.0,0.0,0.0,0.0,0.0,0.0,0.0,0.0,0.0,0.0,0.0,0.0,0.0,0.0,0.0,0.0,0.0,0.0,0.0,0.0,0.0,0.0,0.0,0.0,0.0,0.0,0.0,0.0,0.0,0.0,0.0,0.0,0.0,0.0,0.0,0.0,0.0,0.0,0.0,0.0,0.0,0.0,0.0,0.0,0.0,0.0,0.0,0.0,0.0,0.0,0.0,0.0,0.0,0.0,0.0,0.0,0.0,0.0,1.0,0.0,0.0,0.0,0.0,0.0,1.0,0.0,0.0,0.0,0.0,0.0,0.0,0.0,0.0,0.0,0.0,0.0,0.0,0.0,0.0,0.0,0.0,0.0,0.0,0.0,0.0,0.0,0.0,0.0,0.0,0.0,0.0,0.0,0.03773584905660377,0.0,0.0,0.0,1.0,0.0,0.0,0.0,0.0,0.0,0.0,0.0,0.0,0.0,0.0,0.0,0.0,0.0,0.0,0.0,0.0,0.0,0.0,0.0,0.0,0.0,0.0,0.0,0.0,0.0,0.0,0.0,0.0,0.0,0.0,0.0,0.0,0.0,0.0,0.0,0.0,0.0,0.0,0.0,0.0,0.0,0.0,0.0,0.0,0.0,0.0,0.0,0.0,0.0,0.0,0.6415094339622641,0.0,1.0,0.0,0.0,0.0,0.0,0.0,0.0,0.0,0.0,0.0,0.0,0.0,0.0,0.0,0.0,0.0,0.0,0.0,0.2641509433962264,0.0,0.0,0.0,0.0,1.0,0.0,0.0,0.0,0.0,0.0,0.0,0.0,0.0,0.0,0.0,0.0,0.0,0.0,0.0,1.0,0.0,0.0,0.0,0.0,0.0,0.0,0.0,0.0,0.03773584905660377,0.0,1.0,0.0,0.0,0.0,0.0,0.0,0.0,0.0,0.0,0.0,0.0,0.0,0.0,0.0,0.0,0.0,0.0,0.0,0.0,0.0,0.0,0.0,0.0,0.0,0.0,0.0,0.0,0.0,0.0,0.0,0.0,0.0,0.0,0.0,0.9622641509433962,0.0,0.0,0.0,0.0,0.0,0.0,0.0,0.0,0.0,0.0,0.0,0.0,0.0,0.0,0.0,0.0,0.0,0.0,0.0,0.0,0.0,0.0,1.0,0.0,0.0,0.0,0.0,0.0,0.0,0.0,0.0,0.0,0.0,0.0,0.0,0.0,0.0,1.0,0.0,0.0,0.0,0.0,0.0,0.0,0.0,0.0,0.0,1.0,1.0,0.0,0.3584905660377358,0.0,0.0,0.0,0.0,0.0,0.0,0.0,0.0,0.0,0.0,0.0,0.0,1.0,0.0,0.0,0.0,0.0,0.0,0.0,0.0,0.03773584905660377,0.0,0.0,0.0,0.0,0.0,0.0,0.0,0.0,0.0,0.0,0.0,1.0,0.0,0.0,0.0,0.0,1.0,0.0,0.0,0.0,0.0,0.0,0.0,0.0,0.0,0.0,0.0,0.0,0.0,0.0,0.0,0.0,0.0,0.018867924528301886,0.0,0.0,0.0,0.0,0.0,0.0,0.0,0.0,0.0,0.0,0.0,0.0,0.0,0.0,1.0,0.0,0.0,0.0,0.0,0.0,0.0,0.0,0.0,0.0,0.0,0.0,0.0,0.0,0.0,0.0,0.0,0.0,0.0,0.0,0.07547169811320754,0.0,0.0,0.0,0.0,0.0,1.0,0.0,0.0,0.0,0.0,0.0,0.0,1.0,0.0,0.0,0.0,0.0,0.0,0.0,0.0,0.0,0.0,0.0,0.0,0.0,0.0,0.0,0.0,0.0,0.0,0.0,0.0,0.0,0.0,0.0,0.0,0.0,0.0,0.0,1.0,0.0,0.0,0.0,0.0,0.0,0.0,0.0,0.0,0.0,0.0,0.0,0.0,0.0,0.0,0.0,0.0,0.0,0.0,0.0,0.0,0.0,0.0,0.0,0.0,0.0,1.0,0.0,0.018867924528301886,0.0,0.0
B.1.525,0.0,0.0,0.0,0.0,0.0,0.0,1.0,0.0,0.0,0.0,0.0,0.0,0.0,0.0,0.02727272727272727,0.0,0.0,0.0,0.0,1.0,0.0,0.0,0.990909090909091,0.0,0.0,0.0,0.0,0.0,0.990909090909091,0.0,0.0,0.0,0.0,0.0,0.0,0.0,1.0,0.0,0.0,0.0,0.0,0.0,0.0,0.0,0.0,0.0,0.01818181818181818,0.0,0.0,0.0,0.00909090909090909,0.0,0.0,0.0,0.0,0.0,0.0,0.0,0.0,0.0,0.0,0.0,0.0,0.0,0.0,0.0,0.0,0.0,1.0,0.0,0.0,0.0,0.00909090909090909,0.0,0.0,0.0,0.0,0.0,0.0,0.00909090909090909,0.0,0.0,0.0,0.0,0.0,0.0,0.0,1.0,0.0,0.0,0.0,0.0,0.0,0.0,0.0,0.0,0.0,0.0,0.0,0.0,0.0,0.0,0.9363636363636364,0.0,0.0,0.0,0.0,0.0,0.0,0.0,0.0,0.0,0.00909090909090909,0.0,0.00909090909090909,0.0,0.0,0.0,0.0,0.0,0.08181818181818182,0.0,0.00909090909090909,0.0,0.0,0.0,0.0,0.0,0.0,0.0,0.0,0.0,0.0,0.0,0.0,0.0,0.0,0.0,0.0,0.0,0.0,0.0,0.0,0.0,0.0,0.0,0.0,0.02727272727272727,0.0,0.0,0.0,0.0,0.0,0.0,0.0,0.0,0.0,0.0,0.0,0.0,0.0,0.0,0.0,0.0,1.0,1.0,0.01818181818181818,0.0,0.0,0.0,0.0,0.0,0.0,0.0,0.0,0.0,0.0,0.0,0.0,0.0,0.0,0.0,0.0,0.0,0.0,0.0,0.0,0.0,0.0,0.0,0.0,0.0,0.0,0.0,0.0,0.0,0.2727272727272727,0.0,0.0,0.0,0.0,1.0,0.0,0.0,0.0,0.0,0.0,0.0,0.0,0.0,0.0,0.0,0.0,0.0,0.0,0.0,0.0,0.0,0.0,0.0,1.0,0.0,0.0,0.0,0.0,0.0,0.00909090909090909,0.00909090909090909,0.0,0.0,0.0,0.0,0.00909090909090909,0.0,0.990909090909091,1.0,0.0,0.0,0.00909090909090909,0.0,0.0,0.0,0.0,0.0,0.0,0.0,0.0,0.0,0.0,0.00909090909090909,0.0,0.0,0.0,0.0,0.0,0.0,0.0,0.0,0.0,0.0,0.0,0.0,0.0,0.0,0.0,0.0,0.0,0.0,0.0,0.0,0.0,0.0,0.0,0.0,0.0,0.0,0.0,0.0,0.0,0.0,0.0,0.0,0.0,0.0,0.0,0.0,0.0,0.0,0.0,0.0,0.0,0.990909090909091,0.0,0.0,0.0,0.0,0.0,0.0,0.0,0.0,0.0,0.0,0.0,0.0,0.0,0.0,0.0,1.0,0.0,0.0,0.0,0.0,0.0,0.00909090909090909,0.990909090909091,0.0,0.0,0.0,0.0,0.0,0.0,0.0,0.0,0.0,0.0,0.00909090909090909,0.0,0.0,0.0,0.0,0.0,1.0,0.0,0.0,0.0,0.0,0.0,0.0,0.0,0.0,0.0,0.0,1.0,0.0,0.0,0.0,0.0,0.0,0.0,0.0,0.0,0.0,0.0,0.0,0.0,0.0,0.0,0.02727272727272727,0.0,0.0,0.0,0.0,0.0,0.0,0.00909090909090909,0.0,0.0,0.9727272727272728,0.0,0.0,0.0,0.0,0.0,0.0,0.0,0.0,0.00909090909090909,1.0,0.0,0.00909090909090909,0.0,0.0,0.0,0.0,0.0,0.0,0.0,0.0,0.0,0.0,0.0,0.0,0.0,0.0,0.0,0.0,0.0,0.0,0.0,0.0,0.0,0.0,0.0,0.0,0.0,0.0,0.0,0.0,0.0,0.0,0.0,0.00909090909090909,0.0,0.0,0.0,0.0,0.0,0.0,0.0,0.0,0.0,1.0,0.0,0.0,0.0,0.0,0.0,0.0,0.0,0.0,0.0,0.0,0.0,0.0,1.0,0.0,0.0,0.0,0.0,0.0,0.0,0.0,0.0,0.0,0.0,0.0,0.0,0.0,1.0,0.0,0.0,0.0,0.0,0.0,0.0,0.0,0.0,0.0,0.0,0.0,0.0,0.00909090909090909,0.0,0.0,0.6363636363636364,0.0,0.0,0.0,0.0,0.00909090909090909,0.0,0.0,0.0,0.0
B.1.1.519,0.0,0.0,0.0,1.0,0.0,0.9785714285714285,1.0,0.0,0.0,0.0,0.0,0.0,0.0,0.0,0.0,0.0,0.0,0.0,0.0,0.0,0.0,0.0,0.0,0.0,0.0,0.0,0.0,0.0,0.0,0.0,0.0,0.0,0.0,0.0,0.0,0.0,1.0,1.0,0.0,0.0,0.0,0.0,0.0,0.0,0.0,0.0,0.0,0.0,0.0,0.0,0.0,0.0,0.0,0.0,0.0,0.0,0.0,0.0,0.007142857142857143,0.0,0.0,0.0,0.0,0.0,0.0,0.0,0.0,0.0,0.0,0.0,0.0,0.0,0.0,0.0,0.0,0.007142857142857143,0.0,0.0,0.0,0.0,0.0,0.0,0.0,0.0,0.0,0.0,0.0,0.0,0.0,0.0,0.0,0.0,0.0,0.0,0.0,0.0,0.0,0.0,0.0,0.0,0.0,0.0,0.0,0.0,0.0,0.0,0.0,0.0,0.0,1.0,0.0,0.0,0.0,0.02142857142857143,0.02142857142857143,0.0,0.0,0.0,0.0,0.0,1.0,0.0,0.0,0.9928571428571429,0.0,0.0,0.0,0.0,0.0,0.0,0.0,0.0,0.0,0.9214285714285714,0.0,0.0,0.0,0.0,0.0,0.0,0.0,0.0,0.0,0.0,0.0,0.0,0.0,0.0,0.0,0.0,1.0,0.007142857142857143,0.0,0.0,0.0,0.0,0.0,0.0,0.0,0.0,0.0,0.0,0.0,0.0,0.0,1.0,0.0,0.0,0.0,0.0,0.0,0.0,0.0,0.0,0.0,0.0,0.0,0.0,0.0,0.0,0.0,0.0,0.0,0.0,0.0,0.0,0.0,0.0,0.0,0.0,0.0,0.0,0.007142857142857143,0.0,0.0,0.0,0.0,0.0,0.0,0.007142857142857143,0.0,0.0,0.0,0.0,0.0,0.0,0.0,0.0,0.0,0.0,1.0,0.0,0.0,0.0,0.0,0.0,0.0,0.0,0.0,0.0,0.0,0.0,0.0,0.0,0.0,1.0,0.0,0.0,0.0,0.0,0.0,0.0,0.0,0.0,0.0,0.0,0.0,0.0,0.0,0.0,0.0,0.0,0.0,0.0,0.0,0.0,0.0,0.0,0.0,0.0,0.0,0.0,0.0,0.0,0.0,0.0,0.0,0.0,0.0,0.0,0.0,0.0,0.0,0.0,0.0,0.0,0.0,0.0,0.0,0.0,0.0,0.0,0.0,0.0,0.0,0.0,0.0,0.0,0.0,0.0,0.0,0.0,0.0,0.0,0.0,0.0,0.0,0.0,0.0,0.0,1.0,0.0,0.0,0.0,0.0,0.0,0.0,0.0,0.0,0.0,0.007142857142857143,0.0,0.0,0.0,0.0,0.0,0.0,1.0,0.0,0.0,0.0,0.0,0.0,0.0,0.0,0.0,0.0,1.0,0.0,0.0,0.0,1.0,0.0,0.0,0.0,0.0,0.0,0.0,0.0,0.0,0.0,0.0,0.007142857142857143,0.0,0.007142857142857143,0.0,0.0,0.0,0.0,0.0,0.0,0.0,0.0,0.0,0.0,0.0,0.0,0.0,0.0,0.0,0.0,0.0,0.0,0.0,0.0,0.0,0.0,0.0,0.0,0.0,0.0,0.0,0.0,0.0,0.0,0.0,0.0,0.0,0.0,0.0,0.0,0.0,0.0,0.0,0.0,0.0,0.02142857142857143,0.0,0.0,0.0,0.0,0.0,0.0,0.0,0.0,0.0,0.0,0.0,0.007142857142857143,0.0,0.0,0.0,0.0,0.0,0.0,0.0,0.0,0.0,0.0,0.0,0.0,0.0,0.0,0.0,0.0,0.0,0.0,0.0,0.0,0.0,0.0,0.0,0.0,0.0,0.0,0.0,0.0,0.0,0.0,0.0,0.0,0.0,0.0,0.0,0.0,0.014285714285714285,0.0,0.0,0.0,0.0,0.0,0.0,0.0,0.0,0.0,0.0,0.0,0.0,0.0,0.0,0.0,0.0,0.0,0.0,1.0,0.0,1.0,1.0,0.0,0.0,0.0,0.0,0.0,0.0,0.0,0.0,0.0,1.0,0.0,0.0,0.0,0.0,0.0,0.9214285714285714,0.0,0.0,0.0,0.0,0.0,0.0,0.0,0.0,0.0,0.0
B.1.619,0.0,0.0,0.0,0.0,0.0,0.0,1.0,0.0,0.0,0.0,0.0,0.0,0.0,0.0,0.0,0.0,0.0,0.0,0.0,0.0,0.0,0.0,0.0,0.0,0.0,0.0,1.0,0.0,0.0,0.0,0.0,0.0,0.0,0.0,0.0,0.0,1.0,0.0,0.0,0.0,0.0,0.0,0.0,0.0,0.0,0.0,0.0,0.0,0.0,0.0,0.0,0.0,0.0,0.0,0.0,1.0,0.0,0.0,0.0,0.0,0.0,0.0,0.0,0.0,0.0,0.0,0.0,0.0,0.0,0.0,0.0,0.0,0.0,0.0,0.0,1.0,0.0,0.0,0.0,0.0,0.0,0.0,0.0,1.0,1.0,0.0,0.0,0.0,0.0,0.0,0.0,0.0,0.0,0.0,0.0,1.0,0.0,0.0,0.0,0.0,0.0,0.0,0.0,0.0,0.0,0.0,0.0,0.0,0.0,0.0,0.0,0.0,0.0,0.0,0.0,0.0,0.0,0.0,0.0,0.0,0.0,0.0,0.0,0.0,0.0,0.0,0.0,0.0,0.0,0.0,0.0,0.0,0.0,0.0,0.0,0.0,0.0,1.0,0.0,0.0,0.0,0.0,0.0,0.0,0.0,0.0,0.0,0.9928571428571429,0.0,0.0,0.0,0.02857142857142857,0.0,0.0,0.0,0.0,0.0,0.0,0.0,0.0,0.0,0.0,0.0,1.0,0.0,1.0,0.0,0.0,0.0,0.0,0.0,1.0,0.0,0.0,0.0,0.0,0.0,0.0,0.0,0.0,0.0,0.0,0.0,0.0,0.0,0.0,0.0,0.0,0.0,0.0,0.0,0.0,0.0,0.0,0.0,0.0,0.0,0.0,0.0,0.0,0.0,0.0,0.0,0.0,0.0,0.0,0.0,0.0,0.0,0.0,0.0,0.0,1.0,0.0,0.0,0.0,0.0,0.0,0.0,0.0,0.0,0.0,0.0,0.0,0.0,0.0,0.014285714285714285,0.0,0.0,0.0,0.0,0.0,1.0,0.0,0.0,0.0,0.0,0.0,0.0,0.0,0.0,0.0,0.0,0.0,0.0,0.0,0.0,0.0,0.0,0.0,0.0,0.0,0.0,1.0,0.0,0.0,0.0,0.007142857142857143,0.0,0.0,0.0,0.0,0.0,0.0,0.0,0.0,0.0,0.0,0.0,0.0,0.0,0.0,0.0,0.0,0.0,0.0,0.0,0.0,0.0,0.0,0.0,0.0,0.8,0.0,0.0,0.0,0.0,0.0,0.6357142857142857,0.0,0.0,1.0,0.0,0.0,0.0,0.0,0.0,0.0,0.0,0.0,0.0,0.0,0.0,0.0,0.0,0.0,0.0,1.0,0.0,0.0,0.0,0.0,0.0,0.0,0.0,0.0,0.0,0.0,0.0,0.0,0.0,0.0,0.0,0.0,0.0,0.0,0.0,0.0,0.0,0.0,1.0,0.0,0.0,1.0,1.0,0.0,0.0,0.0,0.0,0.0,0.0,1.0,0.0,0.0,0.0,0.0,0.0,0.0,0.0,0.0,0.0,0.0,0.0,0.0,0.0,0.0,0.0,0.0,0.0,0.0,0.0,0.0,0.0,0.0,0.9857142857142858,0.0,0.0,0.0,0.0,0.0,0.0,0.0,0.0,0.0,1.0,0.0,0.0,1.0,0.0,0.0,0.0,0.0,0.0,0.0,0.0,0.0,0.0,0.0,0.10714285714285714,0.0,0.95,0.0,0.0,0.0,0.0,0.0,0.0,0.0,0.0,0.0,0.0,0.0,0.0,0.07142857142857142,0.0,0.0,0.0,0.02857142857142857,0.0,0.0,0.0,0.0,0.0,0.0,0.0,0.0,0.0,0.0,0.0,0.0,0.0,0.0,1.0,0.0,0.0,0.0,0.0,0.0,0.9714285714285714,0.0,0.0,0.0,0.0,0.0,0.0,0.0,0.0,0.0,0.0,0.0,1.0,0.0,0.0,0.0,0.0,0.0,0.0,0.0,1.0,0.0,0.0,0.0,0.0,0.0,0.0,0.0,0.0,0.0,0.0,0.0,0.0,0.0,0.0,0.0,0.014285714285714285,0.0,0.014285714285714285,0.0,0.0,0.0,0.0,0.0,0.0,0.0
R.1,0.0,0.0,0.0,0.0,0.0,0.0,1.0,0.0,0.0,0.0,0.0,0.0,0.0,0.0,0.0,0.0,0.0,0.0,0.0,0.0,0.0,0.0,0.0,0.0,0.0,0.0,0.0,0.0,0.0,0.0,0.0,0.0,0.0,0.0,0.0,0.0,1.0,0.0,0.0,0.0,0.0,0.0,0.0,0.0,0.0,0.0,0.0,0.0,0.0,0.0,0.0,0.0,0.0,0.0,0.0,0.0,0.0,0.0,0.0,0.0,0.0,0.0,0.0,0.0,0.0,0.0,0.0,0.0,0.0,0.0,0.0,0.0,0.0,0.0,0.0,0.0,0.0,0.0,0.0,0.0,0.0,0.0,0.0,0.0,0.0,0.0,0.0,0.0,0.0,0.0,0.0,0.0,0.0,0.0,0.0,0.0,0.0,0.0,0.0,0.0,0.0,0.0,0.0,0.0,0.0,0.0,0.0,0.0,0.0,0.0,0.0,0.0,0.0,0.0,0.0,0.0,0.0,0.0,0.0,0.0,0.0,0.0,0.0,0.0,0.0,0.0,0.0,0.0,0.0,0.0,0.0,0.0,0.0,0.0,0.0,0.0,0.0,0.0,0.0,0.0,0.0,0.1,0.0,0.0,0.0,0.0,0.0,0.0,0.0,0.0,0.0,0.0,0.0,0.0,0.0,0.0,0.0,0.0,0.1,0.0,0.0,0.0,1.0,0.0,0.0,1.0,0.0,0.0,0.0,0.0,0.0,0.0,0.0,0.0,0.0,0.7,0.0,0.0,0.0,0.0,0.0,0.0,0.0,0.0,0.0,0.0,0.0,0.0,0.0,0.0,0.0,0.0,0.0,0.0,1.0,0.0,0.0,0.0,0.0,0.0,0.0,0.0,0.0,0.0,0.0,1.0,0.0,1.0,0.0,1.0,1.0,0.0,0.0,0.0,0.0,0.0,0.0,0.0,0.0,0.0,0.0,0.0,0.0,0.0,0.0,0.0,0.0,0.0,0.0,0.0,0.0,0.0,0.0,0.0,0.0,0.1,0.0,0.0,0.0,0.0,0.0,0.0,0.0,0.0,0.0,0.0,0.0,0.0,0.0,1.0,0.0,0.0,0.0,0.0,0.0,0.0,0.0,0.0,0.0,0.0,0.0,0.0,0.0,0.0,0.0,0.0,0.0,0.0,0.0,0.0,0.0,0.0,0.0,0.0,0.0,0.0,0.0,0.0,0.0,0.0,0.0,0.0,0.0,0.0,0.0,0.0,0.0,0.0,0.0,0.0,0.0,1.0,0.0,0.0,0.0,0.0,0.0,0.0,0.0,0.0,0.0,0.0,0.0,0.0,0.0,0.0,0.0,1.0,0.0,0.0,0.0,0.0,0.0,0.0,0.0,0.0,0.0,0.0,0.0,0.0,0.0,0.0,0.0,1.0,0.0,0.0,0.0,0.0,0.0,0.0,0.0,0.0,0.0,0.0,0.0,0.0,0.0,0.0,0.0,0.0,0.0,0.0,0.0,0.0,0.0,0.0,0.0,0.0,0.0,0.0,0.0,0.0,0.0,0.0,0.0,0.0,0.0,0.0,0.0,0.0,0.0,0.0,0.0,0.0,0.0,0.0,0.0,0.0,0.0,0.0,0.0,0.0,0.0,1.0,0.0,0.0,0.0,0.0,0.0,0.0,0.0,0.0,1.0,0.0,0.0,0.0,0.0,0.0,0.0,0.0,0.0,0.0,0.0,0.0,0.0,0.0,0.0,0.0,0.0,0.0,0.0,0.0,0.0,0.0,0.0,0.0,0.0,0.0,0.0,0.0,0.0,0.0,0.0,0.0,0.0,0.0,0.0,0.0,0.0,0.0,0.0,0.0,0.0,0.0,0.0,0.0,0.0,0.0,0.0,0.0,0.0,0.0,0.0,0.0,0.0,0.0,0.0,1.0,0.0,0.0,0.0,0.0,0.0,0.0,1.0,0.0,1.0,1.0,0.0,0.0,0.0,0.0,0.0,0.0,0.0,0.0,0.0,0.0,0.0,0.0,0.0,0.0,0.0,1.0,0.0,0.0,0.0,0.0,0.0,0.0,0.0,0.0,0.0,0.0
A.23.1,0.0,0.0,0.0,0.0,0.0,0.0,0.0,0.0,0.0,0.0,0.0,0.0,0.0,0.0,0.0,0.0,0.0,0.0,0.0,0.0,0.0,0.0,0.0,0.0,0.0,0.0,0.0,0.0,0.0,0.0,0.0,0.0,0.0,0.0,0.0,0.0,0.0,0.0,0.0,0.0,0.0,0.0,0.0,0.0,0.0,0.0,0.0,0.0,0.0,0.0,0.0,0.0,1.0,0.0,0.0,0.0,0.0,0.0,0.0,0.0,0.0,0.0,0.0,0.0,0.0,0.0,0.0,0.0,0.0,0.0,0.0,0.0,0.0,0.0,0.0,0.0,0.0,0.0,0.0,0.0,0.0,0.0,0.0,0.0,0.0,0.0,0.0,0.0,1.0,0.0,0.0,0.0,0.0,0.0,0.0,0.0,0.0,0.0,0.0,0.0,0.0,0.0,0.0,0.0,0.0,0.0,0.0,0.0,0.0,0.0,0.0,0.0,0.0,0.0,0.0,0.0,0.0,0.0,1.0,0.0,0.0,0.0,0.0,0.0,0.0,0.0,0.0,0.0,1.0,1.0,0.0,0.0,0.0,0.0,0.0,0.0,0.0,1.0,0.0,0.0,0.0,0.0,0.0,0.0,0.0,0.0,0.0,0.0,0.0,0.0,0.0,0.0,0.0,0.0,0.0,0.0,0.0,0.0,0.0,0.0,0.0,0.0,0.0,0.0,0.0,0.0,0.0,0.0,0.0,0.0,0.0,0.0,0.0,0.0,0.0,0.0,0.0,0.0,0.0,0.0,0.0,0.0,1.0,0.0,0.0,0.0,0.0,0.0,0.0,0.0,0.0,0.0,0.0,0.0,0.0,0.0,0.0,0.0,1.0,0.0,0.0,0.0,0.0,0.0,0.0,0.0,0.0,0.0,0.0,0.0,0.0,0.0,0.0,0.0,0.0,0.0,0.0,0.0,0.0,0.0,0.0,0.0,0.0,0.0,0.0,0.0,0.0,0.0,0.0,0.0,0.0,0.0,0.0,0.0,0.0,0.0,0.0,0.0,0.0,0.0,0.0,0.0,0.0,0.0,0.0,1.0,0.0,0.0,0.0,0.0,1.0,0.0,0.0,0.0,0.0,0.0,0.0,0.0,0.0,0.0,0.0,0.0,0.0,0.0,0.0,0.0,0.0,0.0,0.0,0.0,0.0,1.0,0.0,0.0,0.0,0.0,0.0,0.0,0.0,0.0,0.0,0.0,0.0,0.0,0.0,0.0,0.0,0.0,0.0,0.0,0.0,0.0,0.0,0.0,0.0,0.0,0.0,0.0,0.0,0.0,0.0,0.0,0.0,0.0,0.0,0.0,1.0,0.0,0.0,0.0,0.0,0.0,0.0,0.0,0.0,0.0,1.0,0.0,0.0,0.0,0.0,0.0,0.0,0.0,0.0,0.0,0.0,0.0,0.8333333333333334,0.0,0.0,0.0,0.0,0.0,0.0,0.0,0.0,0.0,0.0,0.0,0.0,0.0,0.0,0.0,0.0,0.0,0.0,0.0,0.0,0.0,0.0,0.0,0.16666666666666666,0.0,0.0,0.0,0.0,0.0,0.0,0.0,0.0,0.0,0.0,0.0,0.0,0.0,0.0,0.0,0.0,0.0,0.0,0.0,0.0,0.0,0.0,0.0,0.0,0.0,0.0,0.0,0.0,0.0,0.0,0.0,0.0,0.0,0.0,0.0,0.0,0.0,0.0,0.0,0.0,0.0,0.0,0.0,0.0,0.0,0.0,0.0,0.0,0.0,0.0,0.0,0.0,0.0,0.0,0.0,0.0,1.0,1.0,0.0,0.0,0.0,0.0,0.0,0.0,0.0,0.0,0.0,0.0,0.0,0.0,0.0,0.0,0.0,0.0,1.0,0.0,0.0,0.0,0.0,0.0,0.0,0.0,0.0,0.0,0.0,0.0,0.0,0.0,0.0,0.0,1.0,0.3333333333333333,0.0,0.0,0.0,0.0,0.0,0.0,0.0,0.0,0.0,0.0,0.0,0.0,0.0,0.0,0.0,0.0,0.0,0.0,0.0,0.0,0.0,0.0,0.0,0.0,1.0,0.0,0.0,0.0,0.0
C.36.3,0.0,0.0,0.0,0.0,0.0,0.0,1.0,0.0,0.0,0.0,0.0,1.0,0.0,0.0,0.0,0.0,0.0,0.0,0.0,0.0,0.0,0.0,0.0,0.0,0.0,0.0,0.0,0.0,0.0,0.0,0.0,0.0,0.0,1.0,0.0,0.0,1.0,0.0,0.0,0.0,0.0,0.0,0.0,0.0,0.0,0.0,0.08064516129032258,1.0,0.0,0.0,0.0,0.0,0.0,0.0,0.0,0.0,0.967741935483871,0.0,0.016129032258064516,0.0,0.0,0.0,0.0,0.0,0.0,0.0,0.0,0.0,0.0,0.0,0.0,0.0,0.03225806451612903,0.0,0.0,0.0,0.0,0.0,0.9838709677419355,0.06451612903225806,0.0,0.0,0.0,0.0,0.0,0.0,0.0,0.0,0.0,0.0,0.0,0.0,0.0,1.0,0.0,0.0,0.0,0.0,0.0,0.0,0.0,0.0,0.0,0.0,0.0,0.0,0.0,1.0,0.0,0.0,1.0,0.0,0.0,0.0,0.0,0.0,0.0,0.0,0.0,0.0,0.0,0.0,0.03225806451612903,0.0,0.0,0.0,0.0,0.0,0.0,0.0,1.0,0.0,1.0,0.0,0.0,0.0,0.0,0.0,0.0,0.0,0.0,0.0,0.0,0.0,0.0,0.0,0.0,0.0,1.0,0.0,0.0,0.0,0.0,0.0,0.0,0.0,1.0,0.0,0.0,0.0,0.0,0.0,0.0,0.0,0.0,1.0,0.0,0.0,0.5483870967741935,0.0,0.0,0.0,0.0,0.0,0.0,0.0,0.0,0.0,0.0,0.0,0.0,1.0,0.0,0.0,0.0,0.0,0.0,0.0,0.0,0.0,0.0,0.0,0.0,0.0,0.0,0.0,0.0,0.0,0.0,1.0,0.0,0.0,0.0,0.0,0.0,0.0,0.0,0.0,0.0,0.0,0.0,0.0,0.0,0.0,0.0,0.0,0.0,0.0,0.0,0.0,0.0,0.0,0.0,0.0,0.0,0.0,0.0,1.0,0.0,0.0,0.0,0.0,0.0,0.0,0.0,0.0,0.0,0.0,0.0,0.0,0.0,0.0,0.0,0.0,0.0,0.0,0.0,1.0,0.0,0.0,0.0,0.0,0.0,0.0,0.0,0.0,0.0,0.0,0.0,0.0,0.0,0.0,0.0,0.0,0.0,0.0,0.0,0.0,0.0,1.0,0.0,0.0,0.0,0.0,0.0,0.0,0.0,0.0,0.0,0.0,0.0,0.0,0.0,0.0,0.0,1.0,0.0,0.0,0.0,0.16129032258064516,0.0,0.0,0.0,0.0,0.0,0.0,0.0,0.0,0.0,0.0,0.0,0.0,0.0,0.0,0.0,0.0,0.016129032258064516,1.0,0.0,0.0,0.0,0.0,0.0,1.0,0.0,0.0,0.0,0.0,0.0,0.0,1.0,0.0,0.0,0.0,0.0,0.0,0.0,0.0,0.0,0.0,0.0,0.0,1.0,0.0,0.0,0.0,0.0,0.0,0.0,0.0,0.0,0.0,0.0,0.0,0.0,0.0,0.0,0.0,0.0,0.0,0.0,0.0,0.0,0.0,0.0,0.0,0.0,0.0,0.0,0.0,0.0,0.0,0.0,0.0,0.0,0.0,0.0,0.0,0.0,0.0,0.0,0.0,0.0,0.0,0.0,0.0,0.0,1.0,0.0,0.0,0.0,0.0,0.0,0.06451612903225806,0.0,0.0,0.0,0.0,0.0,0.0,0.0,0.0,0.0,0.0,0.0,0.0,0.0,0.0,1.0,0.0,0.0,0.0,0.0,0.0,0.0,0.0,0.0,0.0,0.0,0.0,0.0,0.0,0.0,0.0,0.0,0.0,0.0,0.0,0.0,0.0,0.0,0.0,0.0,0.0,0.0,0.0,0.0,0.0,0.0,0.0,0.0,0.0,0.0,0.0,0.0,0.0,0.0,0.0,0.0,0.0,0.0,0.0,0.0,0.0,1.0,0.0,1.0,1.0,0.0,0.0,1.0,0.0,0.0,0.0,0.0,0.0,0.0,0.0,0.0,0.0,0.0,0.0,0.0,0.0,0.0,0.5806451612903226,0.0,0.0,0.0,0.0,0.0,0.0,0.0,0.0
B.1.617.2,0.0004519774011299435,0.0016271186440677966,0.0012203389830508474,0.004836158192090396,0.9979887005649718,0.003480225988700565,0.9980790960451977,0.00033898305084745765,0.0,0.0,0.00015819209039548022,2.2598870056497175e-05,0.0,9.03954802259887e-05,0.0004519774011299435,0.002033898305084746,6.779661016949152e-05,4.519774011299435e-05,0.011457627118644068,0.00011299435028248587,2.2598870056497175e-05,0.001694915254237288,0.0,0.00020338983050847457,0.00031638418079096045,0.0,0.0003389830508474576,0.011073446327683615,2.2598870056497175e-05,2.2598870056497175e-05,0.0013107344632768362,2.2598870056497175e-05,0.0,0.0007005649717514125,0.0,0.00040677966101694915,0.999954802259887,0.0018531073446327684,0.0005875706214689266,4.519774011299435e-05,0.0,0.00011299435028248587,0.0016045197740112995,2.2598870056497175e-05,0.0,2.2598870056497175e-05,0.00031638418079096045,0.0002711864406779661,0.9540338983050848,9.039548022598869e-05,0.0007457627118644068,0.0017627118644067796,6.779661016949152e-05,0.0014011299435028248,0.00013559322033898305,0.0009717514124293785,0.0002711864406779661,0.000903954802259887,0.0006779661016949153,0.009401129943502826,4.519774011299435e-05,0.0,0.0006101694915254237,0.0,0.0009265536723163842,0.0017401129943502825,0.0006553672316384181,6.779661016949152e-05,0.0009943502824858758,0.0013107344632768362,2.2598870056497175e-05,0.8961581920903955,0.0029152542372881357,0.0003615819209039548,0.00020338983050847457,0.0005649717514124294,2.2598870056497175e-05,0.0,0.9504180790960451,0.0007231638418079096,0.002282485875706215,0.0022372881355932203,0.13141242937853106,2.2598870056497175e-05,0.00042937853107344635,0.0,2.2598870056497175e-05,9.03954802259887e-05,0.000384180790960452,0.9541242937853107,0.9507570621468927,0.0002711864406779661,0.00033898305084745765,0.0008361581920903955,4.519774011299435e-05,0.0008361581920903955,0.000519774011299435,0.0,0.0027796610169491527,0.0,0.0007231638418079096,0.0008135593220338983,0.0011073446327683615,0.003231638418079096,0.0007005649717514124,0.0,0.044700564971751414,0.0,0.0008135593220338983,0.9543050847457627,4.519774011299435e-05,0.0003615819209039548,0.0004745762711864407,0.020022598870056498,0.01175141242937853,0.00011299435028248587,0.0,0.0,0.0004971751412429379,0.0,0.0007005649717514124,4.519774011299435e-05,0.024745762711864405,0.0016271186440677966,0.0,0.9539435028248587,0.0,2.2598870056497175e-05,0.00011299435028248587,0.00020338983050847457,0.0007005649717514124,0.9504858757062147,0.0,0.00207909604519774,0.003480225988700565,0.0,6.779661016949152e-05,0.0008813559322033898,0.004790960451977401,0.0007005649717514124,0.0006553672316384181,0.005242937853107345,0.0011299435028248588,0.0,0.0016271186440677966,0.0,0.0006553672316384181,0.001830508474576271,0.0006101694915254237,0.00022598870056497175,0.0034124293785310735,0.002327683615819209,0.00013559322033898305,2.259887005649717e-05,2.2598870056497175e-05,0.0006553672316384181,0.0005423728813559322,2.259887005649717e-05,0.0007005649717514124,0.0001807909604519774,0.00011299435028248587,0.0,6.779661016949152e-05,0.0008135593220338983,0.0007909604519774011,0.9985084745762712,0.0005875706214689266,0.0011977401129943503,0.0007005649717514124,0.015367231638418079,0.00042937853107344635,0.000903954802259887,0.9987796610169491,0.0010621468926553673,0.00022598870056497175,0.0013333333333333333,2.2598870056497175e-05,0.0017401129943502825,2.2598870056497175e-05,0.9988700564971752,0.0,0.0,0.0018757062146892655,4.519774011299435e-05,0.0,0.0,0.0008135593220338983,0.0016045197740112995,0.0,0.03462146892655367,6.779661016949152e-05,0.0011073446327683615,0.000903954802259887,4.519774011299435e-05,2.259887005649717e-05,2.2598870056497175e-05,0.0020112994350282485,0.0,0.0002937853107344633,0.0006553672316384181,0.0,0.0008361581920903955,0.0017401129943502825,0.0006779661016949153,2.259887005649717e-05,0.0010621468926553673,0.0,0.0,0.9541468926553672,0.0,0.0007457627118644068,0.0011977401129943503,0.0007005649717514125,0.0,0.002214689265536723,0.0006327683615819209,0.0009943502824858758,0.012926553672316383,0.00020338983050847457,0.0,2.2598870056497175e-05,0.0,0.000768361581920904,0.003480225988700565,0.0008135593220338983,0.0023728813559322033,0.01927683615819209,0.0005649717514124294,0.005423728813559322,0.9987796610169491,0.0001807909604519774,0.0,0.0004519774011299435,0.00042937853107344635,0.0,0.0012429378531073447,0.0,0.0023050847457627118,0.38289265536723166,9.03954802259887e-05,0.0008813559322033898,0.6845197740112995,0.0,0.0002711864406779661,0.0,0.001016949152542373,2.2598870056497175e-05,0.0002711864406779661,9.03954802259887e-05,0.0008587570621468927,0.0,9.03954802259887e-05,0.0007457627118644068,6.779661016949152e-05,0.0,0.00011299435028248587,0.03335593220338983,0.000519774011299435,0.0007909604519774011,4.519774011299435e-05,0.0,0.0017401129943502825,0.005220338983050847,2.2598870056497175e-05,0.014598870056497175,0.0,2.2598870056497175e-05,0.0,0.00011299435028248587,4.519774011299435e-05,0.0,0.00024858757062146895,0.0,0.0,4.519774011299435e-05,0.0,0.0,2.259887005649717e-05,2.2598870056497175e-05,0.0032768361581920905,0.0,0.00040677966101694915,0.0,0.0,0.00020338983050847457,0.9962711864406779,0.0,0.0,0.0018531073446327684,0.00011299435028248587,0.9978305084745762,0.0011751412429378532,0.00020338983050847457,2.2598870056497175e-05,2.2598870056497175e-05,0.0002937853107344633,0.0,0.00024858757062146895,0.0,0.0,0.00011299435028248587,4.519774011299435e-05,0.0,2.2598870056497175e-05,0.0,4.519774011299435e-05,0.01927683615819209,0.9998418079096045,0.0004745762711864407,0.0,0.0002937853107344633,0.000768361581920904,0.0,0.0012655367231638418,0.016903954802259886,0.0,0.9995028248587571,0.0001807909604519774,0.0006101694915254237,0.00022598870056497175,0.0,0.0,0.0,0.0007457627118644068,0.0,0.00013559322033898305,0.0004519774011299435,0.0002711864406779661,0.0,0.0,2.2598870056497175e-05,0.0,6.779661016949152e-05,0.00031638418079096045,0.001423728813559322,0.001807909604519774,0.9888361581920904,0.0,2.2598870056497175e-05,0.0,0.0,0.0004519774011299435,0.0004971751412429379,0.0,0.00033898305084745765,0.0006101694915254237,0.001536723163841808,2.2598870056497175e-05,0.000903954802259887,0.9995480225988701,0.000903954802259887,6.779661016949152e-05,0.0006101694915254237,0.0013333333333333333,0.0038418079096045198,0.0014689265536723163,0.002463276836158192,0.00207909604519774,4.519774011299434e-05,2.259887005649717e-05,0.0034124293785310735,0.0004971751412429379,2.2598870056497175e-05,0.0009265536723163842,0.00022598870056497175,0.000384180790960452,0.0,0.0002711864406779661,0.001310734463276836,9.03954802259887e-05,4.519774011299435e-05,0.00013559322033898305,0.0,2.2598870056497175e-05,0.0007457627118644068,4.519774011299435e-05,0.0011525423728813559,0.9997966101694915,2.2598870056497175e-05,0.0008361581920903955,4.519774011299435e-05,0.0,0.00011299435028248587,0.0003615819209039548,4.519774011299435e-05,0.0013333333333333333,0.00011299435028248587,6.779661016949152e-05,0.001694915254237288,2.2598870056497175e-05,0.0017627118644067796,4.519774011299435e-05,0.9896949152542373,0.0005423728813559322,0.9987570621468926,6.779661016949152e-05,4.519774011299435e-05,0.9537401129943502,6.779661016949152e-05,9.03954802259887e-05,2.2598870056497175e-05,0.000519774011299435,9.03954802259887e-05,0.004994350282485876,0.0007909604519774011,0.0026440677966101697,4.519774011299435e-05,0.0076836158192090396,0.0,0.0,0.00013559322033898305,0.0019209039548022599,0.0009717514124293785,0.0002937853107344633,0.0,0.0,0.0,0.0,0.0,0.0,0.0001807909604519774,0.0,0.00020338983050847457,0.0014689265536723163,0.0,0.00042937853107344635,0.000519774011299435,0.0002711864406779661,0.0,0.9968361581920904,0.0,0.0026440677966101697,0.010463276836158192,0.0004971751412429379,0.0,0.00020338983050847457,0.0005649717514124294,4.519774011299435e-05,2.2598870056497175e-05,0.00022598870056497175,0.0,0.0,0.0,6.779661016949152e-05,9.03954802259887e-05,0.9996836158192091,6.779661016949152e-05,0.0,0.0006553672316384181,4.519774011299435e-05,6.779661016949152e-05,0.9529943502824859,6.779661016949152e-05,2.259887005649717e-05,0.0,0.00031638418079096045,0.00011299435028248587,0.00020338983050847457,0.00311864406779661,0.0,0.9990734463276836,0.002734463276836158,0.0,0.0009717514124293785,0.003209039548022599,0.00013559322033898305,0.0011073446327683615,0.001672316384180791,0.9642485875706215,0.0,0.0,0.0002711864406779661,0.0036384180790960453,0.0
AY.4.2,0.0,0.0,0.0,0.0,0.9987046632124352,0.0,0.9987046632124352,0.0,0.0,0.0,0.0,0.0,0.0,0.0,0.0,0.0,0.0,0.0,0.0012953367875647669,0.0,0.0,0.0051813471502590676,0.0,0.0,0.0006476683937823834,0.0,0.0,0.0,0.0,0.0,0.0,0.0,0.0,0.0,0.0,0.0,0.9980569948186528,0.0,0.0,0.0,0.0,0.0,0.0006476683937823834,0.0,0.0,0.0,0.0,0.0,1.0,0.0,0.0,0.0006476683937823834,0.0,0.0012953367875647669,0.0,0.0,0.0,0.0012953367875647669,0.0,0.0,0.0,0.0,0.0,0.0,0.0,0.0,0.003238341968911917,0.0,0.0,0.0,0.0,0.8685233160621761,0.0,0.0,0.0,0.0006476683937823834,0.0,0.0,0.9974093264248705,0.0006476683937823834,0.0,0.0006476683937823834,0.9993523316062176,0.0,0.0,0.0,0.0,0.0,0.0,0.9993523316062176,0.9987046632124352,0.0,0.0,0.0,0.0,0.005829015544041451,0.0,0.0,0.0006476683937823834,0.0,0.0,0.0045336787564766836,0.0,0.0006476683937823834,0.0,0.0,0.0,0.0,0.0,1.0,0.0,0.0019430051813471502,0.0006476683937823834,0.016191709844559584,0.0012953367875647669,0.0,0.0,0.0,0.0,0.0,0.0,0.0,0.017487046632124352,0.004533678756476684,0.0,1.0,0.0,0.0,0.0,0.0012953367875647669,0.003238341968911917,0.9993523316062176,0.0,0.0,0.0006476683937823834,0.0,0.0,0.0,0.0,0.0,0.0,0.0045336787564766836,0.0006476683937823834,0.0,0.0019430051813471502,0.0,0.0,0.0019430051813471502,0.0,0.0,0.0,0.0,0.0,0.0,0.0,0.005829015544041451,0.0,0.0,0.0051813471502590676,0.0,0.0,0.0,0.0,0.0,0.0006476683937823834,0.9993523316062176,0.005829015544041451,0.0,0.0006476683937823834,0.005829015544041451,0.0006476683937823834,0.0,1.0,0.0006476683937823834,0.0,0.0,0.0,0.0006476683937823834,0.0,1.0,0.0,0.0,0.023963730569948185,0.0,0.0,0.0,0.0,0.0006476683937823834,0.0,1.0,0.0,0.0006476683937823834,0.0006476683937823834,0.0,0.0,0.0,0.0,0.0,0.0012953367875647669,0.0,0.0,0.0025906735751295338,0.0006476683937823834,0.0006476683937823834,0.0,0.0006476683937823834,0.0,0.0,1.0,0.0,0.0,0.0,0.0,0.0,0.0019430051813471502,0.0,0.0,0.0025906735751295338,0.0051813471502590676,0.0,0.0,0.0,0.0,0.0012953367875647669,0.0,0.0006476683937823834,0.013601036269430052,0.0019430051813471502,0.0025906735751295338,0.9993523316062176,0.0,0.0,0.0,0.0,0.0,0.0,0.0,0.0,0.9786269430051814,0.0,0.0,0.7376943005181347,0.0,0.9896373056994818,0.0,0.0006476683937823834,0.0,0.0,0.0,0.0006476683937823834,0.0,0.0,0.0,0.0,0.0,0.0,1.0,0.0006476683937823834,0.0,0.0,0.0,0.0,0.0,0.0,0.0,0.0,0.0,0.0,0.0,0.0,0.0,0.0006476683937823834,0.0,0.0,0.0,0.0,0.0,0.0,0.0,0.0,0.0,0.0006476683937823834,0.0,0.0,0.0006476683937823834,0.9941709844559585,0.0,0.0,0.0,0.0,1.0,0.0,0.0,0.0,0.0,0.0012953367875647669,0.0,0.0,0.0,0.0,0.0,0.0006476683937823834,0.0,0.0,0.0,0.0,0.003238341968911917,1.0,0.0,0.0,0.0,0.0006476683937823834,0.0,0.0,0.0,0.0,0.9987046632124352,0.0006476683937823834,0.0,0.0012953367875647669,0.0,0.0,0.0,0.0,0.0,0.0,0.0019430051813471502,0.0,0.0,0.0,0.0,0.0,0.0,0.0,0.0,0.0019430051813471502,0.9974093264248705,0.0,0.0,0.0,0.0,0.0012953367875647669,0.0,0.0,0.0,0.0025906735751295338,0.0012953367875647669,0.0,0.0006476683937823834,1.0,0.0006476683937823834,0.0,0.0006476683937823834,0.0,0.9967616580310881,0.0,0.003238341968911917,0.0025906735751295338,0.0,0.0,0.0,0.003238341968911917,0.0,0.0,0.006476683937823834,0.0006476683937823834,0.0,0.0,0.0,0.0,0.0,0.0,0.0,0.0,0.012305699481865285,0.0,0.0,1.0,0.0,0.0006476683937823834,0.0,0.0,0.0,0.0038860103626943004,0.0,0.0,0.0,0.0,0.0019430051813471502,0.0,0.0,0.0,0.9961139896373057,0.0,1.0,0.0,0.0,0.9993523316062176,0.0,0.0,0.0,0.0,0.0,0.0,0.0,0.0,0.0,0.0006476683937823834,0.0,0.0,0.0,0.0006476683937823834,0.0,0.0,0.0,0.0,0.0,0.0,0.0,0.0,0.0,0.0,0.0006476683937823834,0.0025906735751295338,0.0,0.0025906735751295338,0.0,0.0006476683937823834,0.0,0.9993523316062176,0.0,0.0006476683937823834,0.0006476683937823834,0.0,0.0,0.0006476683937823834,0.0006476683937823834,0.0,0.0,0.0,0.0,0.0,0.0,0.0,0.0,0.9993523316062176,0.0,0.0,0.0,0.0,0.0,0.9974093264248705,0.0,0.0,0.0,0.0006476683937823834,0.0,0.0,0.0,0.0,1.0,0.007124352331606218,0.0,0.0006476683937823834,0.0012953367875647669,0.0012953367875647669,0.0,0.007772020725388601,0.9844559585492227,0.0,0.0,0.0,0.0012953367875647669,0.0
BA.2,0.3800789412584165,0.0,0.00023218017181332715,0.00325052240538658,0.0006965405154399814,0.003018342233573253,0.885767355467843,0.0,0.0,0.0,0.0,0.00023218017181332715,0.9902484327838402,0.0,0.0006965405154399814,0.0004643603436266543,0.00023218017181332715,0.0,0.0004643603436266543,0.0,0.0,0.0,0.0,0.0,0.00023218017181332715,0.0,0.0,0.00023218017181332715,0.0009287206872533086,0.0,0.00023218017181332715,0.9965172974228,0.0006965405154399814,0.0004643603436266543,0.0,0.0011609008590666356,0.9997678198281866,0.0006965405154399814,0.0009287206872533086,0.0,0.0,0.0,0.00023218017181332715,0.0,0.0,0.0,0.0,0.0,0.0,0.9932667750174136,0.9881588112375204,0.0,0.00023218017181332715,0.00023218017181332715,0.00023218017181332715,0.0004643603436266543,0.00023218017181332715,0.0009287206872533086,0.0020896215463199444,0.0018574413745066172,0.0,0.0,0.0,0.0,0.0009287206872533086,0.0027861620617599257,0.00023218017181332715,0.0,0.0011609008590666356,0.0018574413745066172,0.0,0.0030183422335732526,0.0020896215463199444,0.00023218017181332715,0.0004643603436266543,0.0011609008590666356,0.0,0.0,0.0,0.0009287206872533086,0.0,0.0006965405154399814,0.00162526120269329,0.0,0.0004643603436266543,0.00023218017181332715,0.0,0.0004643603436266543,0.00023218017181332715,0.0,0.0,0.0,0.0,0.0,0.0,0.0006965405154399814,0.9904806129556536,0.9897840724402136,0.0076619456698397955,0.00023218017181332715,0.0027861620617599257,0.9939633155328534,0.0046436034362665425,0.0006965405154399814,0.9793359647086138,0.0,0.0006965405154399814,0.0,0.0,0.9997678198281866,0.0,0.0013930810308799629,0.9895518922684002,0.0046436034362665425,0.003714882749013234,0.9944276758764802,0.9988390991409334,0.0,0.0004643603436266543,0.0,0.0006965405154399814,0.0,0.006036684467146506,0.0,0.0,0.0,0.0,0.0,0.0,0.00023218017181332715,0.0,0.0,0.0,0.0,0.00023218017181332715,0.0,0.0,0.0004643603436266543,0.00325052240538658,0.00487578360807987,0.00162526120269329,0.0009287206872533086,0.0,0.0,0.0009287206872533086,0.0,0.0,0.00325052240538658,0.0011609008590666356,0.0006965405154399814,0.00325052240538658,0.9944276758764802,0.00023218017181332715,0.0,0.0,0.0,0.0020896215463199444,0.0,0.0020896215463199444,0.0,0.0004643603436266543,0.0,0.0,0.0004643603436266543,0.0,0.9990712793127466,0.0,0.0006965405154399814,0.0009287206872533086,0.0025539818899465985,0.0,0.0009287206872533086,0.0013930810308799629,0.9930345948456002,0.0,0.0,0.0,0.0013930810308799629,0.0,0.0,0.0,0.0,0.00023218017181332715,0.0,0.0,0.0,0.0,0.0,0.0,0.0,0.0,0.0004643603436266543,0.9946598560482934,0.0004643603436266543,0.00023218017181332715,0.0,0.0,0.0,0.0018574413745066172,0.00162526120269329,0.9941954957046668,0.0006965405154399814,0.0027861620617599257,0.00023218017181332715,0.0,0.0025539818899465985,0.0,0.0,0.0,0.0,0.00023218017181332715,0.9881588112375204,0.0004643603436266543,0.0,0.9883909914093336,0.0004643603436266543,0.00023218017181332715,0.00023218017181332715,0.0006965405154399814,0.0,0.0,0.0,0.0,0.0009287206872533086,0.0011609008590666356,0.0009287206872533086,0.0136986301369863,0.0,0.0,0.0,0.9965172974228,0.0,0.0,0.0,0.0,0.0020896215463199444,0.0,0.0018574413745066172,0.0006965405154399814,0.0,0.0,0.9962851172509868,0.0,0.0,0.0,0.00162526120269329,0.0009287206872533086,0.0,0.0,0.0004643603436266543,0.0037148827490132343,0.0,0.0,0.0,0.9958207569073602,0.0006965405154399814,0.0009287206872533086,0.00023218017181332715,0.0,0.0,0.0,0.0,0.0,0.00023218017181332715,0.0027861620617599257,0.00023218017181332715,0.99930345948456,0.0020896215463199444,0.00162526120269329,0.0,0.0004643603436266543,0.0,0.0,0.8996981657766426,0.9089853726491758,0.9071279312746692,0.9057348502437892,0.9928024146737868,0.9635477130253076,0.5100998374738798,0.014395170652426282,0.9417227768748548,0.986533550034827,0.0,0.006268864638959833,0.003018342233573253,0.0,0.00023218017181332715,0.00162526120269329,0.9967494775946134,0.9967494775946134,0.00023218017181332715,0.9960529370791734,0.0,0.00023218017181332715,0.0004643603436266543,0.9923380543301602,0.0030183422335732526,0.005804504295333178,0.9257023450197354,0.9259345251915486,0.0,0.9266310657069886,0.005804504295333178,0.0,0.00023218017181332715,0.0,1.0,0.0004643603436266543,0.00023218017181332715,0.0,0.9997678198281866,0.00023218017181332715,0.0004643603436266543,0.00023218017181332715,0.9997678198281866,0.00023218017181332715,0.9937311353610402,0.0027861620617599257,0.0,0.0,0.0,0.9944276758764802,0.0,0.0,0.0,0.9953563965637334,0.0,0.0,0.0,0.0,0.0004643603436266543,0.0,0.0,0.0020896215463199444,0.0009287206872533086,0.0,0.9981425586254934,0.9969816577664268,0.0,0.0,0.0,0.0,0.0,0.9911771534710936,0.00023218017181332715,0.0,0.0004643603436266543,0.04527513350359879,0.00023218017181332715,0.0006965405154399814,0.0,0.0006965405154399814,0.9960529370791734,0.0011609008590666356,0.0018574413745066172,0.00023218017181332715,0.0004643603436266543,0.0,0.0,0.9951242163919202,0.0009287206872533086,0.0,0.00023218017181332715,0.00023218017181332715,0.9944276758764802,0.0011609008590666356,0.00023218017181332715,0.0,0.0004643603436266543,0.00023218017181332715,0.0006965405154399814,0.9948920362201068,0.0,0.00023218017181332715,0.9983747387973068,0.0009287206872533086,0.0,0.00023218017181332715,0.9941954957046668,0.0,0.0004643603436266543,0.0006965405154399814,0.00023218017181332715,0.9890875319247736,0.0006965405154399814,0.9939633155328534,0.9937311353610402,0.9941954957046668,0.0004643603436266543,0.00023218017181332715,0.0,0.0,0.004179243092639889,0.0006965405154399814,0.0,0.99930345948456,0.0004643603436266543,0.0,0.00023218017181332715,0.0006965405154399814,0.0004643603436266543,0.0004643603436266543,0.0027861620617599257,0.0,0.00023218017181332715,0.0,0.0018574413745066172,0.0,0.0,0.0,0.0,0.00162526120269329,0.9990712793127466,0.0,0.0,0.0,0.0,0.0004643603436266543,0.0,0.0023218017181332712,0.0,0.9960529370791734,0.0027861620617599257,0.0,0.00023218017181332715,0.0,0.0,0.00023218017181332715,0.0,0.0,0.0004643603436266543,0.00162526120269329,0.0004643603436266543,0.0,0.0,0.0009287206872533086,0.0,0.00023218017181332715,0.00023218017181332715,0.0,0.00650104481077316,0.00650104481077316,0.0,1.0,0.0,1.0,1.0,0.0018574413745066172,0.0,0.0,0.0,0.0,0.0,0.0,0.0004643603436266543,0.0,0.00023218017181332715,0.0,0.0,0.0009287206872533086,0.0,0.9904806129556536,0.0,0.0006965405154399814,0.0011609008590666356,0.0,0.0,0.0006965405154399814,0.0,0.0,0.00023218017181332715,0.01207336893429301,0.0
BA.1,0.0,0.0,0.008264462809917356,0.024793388429752067,0.0,0.0,0.9917355371900827,0.0,0.0,0.0,0.0,0.0,0.0,0.0,0.0,0.0,0.0,0.0,0.0,0.0,0.0,0.0,0.0,0.0,0.008264462809917356,0.0,0.0,0.0,0.0,0.0,0.0,0.0,0.9834710743801653,0.0,0.0,0.0,1.0,0.0,0.0,0.0,0.0,0.0,0.0,0.0,0.0,0.0,0.0,0.0,0.0,0.0,0.0,0.0,0.0,0.0,0.0,0.0,0.0,0.0,0.0,0.0,1.0,0.0,0.0,0.0,0.18181818181818182,0.0,0.0,0.0,0.0,0.0,0.0,0.008264462809917356,0.0,0.0,0.0,0.0,0.0,0.0,0.0,0.0,0.0,0.0,0.0,0.0,0.0,1.0,0.0,0.0,0.0,0.0,0.0,0.0,0.0,0.0,0.0,0.0,0.0,0.0,0.0,0.0,0.0,0.0,0.0,0.0,0.0,0.0,0.0,0.0,0.0,1.0,0.0,0.0,0.0,0.0,0.008264462809917356,0.0,1.0,0.0,0.0,0.0,0.0,0.0,0.0,0.0,0.0,0.0,0.0,0.0,0.0,0.0,0.0,0.0,0.0,0.0,0.0,0.0,0.0,0.0,0.9917355371900827,0.0,0.0,0.0,0.0,0.0,0.0,0.0,0.0,0.008264462809917356,0.0,0.0,0.008264462809917356,0.008264462809917356,0.0,0.0,1.0,0.0,0.0,0.0,0.0,0.0,0.0,0.0,0.0,0.0,0.0,1.0,0.0,0.0,0.0,1.0,0.0,0.0,0.0,0.0,0.0,0.0,0.0,0.0,0.0,0.0,0.0,0.0,0.0,0.0,0.0,0.0,0.0,0.0,0.0,0.0,0.0,0.0,0.008264462809917356,0.0,0.0,0.0,0.0,0.0,0.0,0.0,1.0,0.0,0.0,0.0,0.0,0.0,0.0,0.0,0.0,0.0,0.0,0.0,0.0,0.0,0.0,0.0,0.0,0.0,0.0,0.0,0.0,0.0,0.0,0.0,0.0,0.0,0.0,0.0,0.0,0.0,0.008264462809917356,0.0,0.0,0.0,0.0,0.9008264462809917,0.0,0.0,0.9917355371900827,0.0,0.0,0.03305785123966942,0.0,0.0,0.0,0.0,0.0,0.0,0.0,0.0,0.0,0.0,0.0,0.0,0.01652892561983471,0.0,0.0,0.0,0.0,0.0,0.0,0.0,0.0,0.0,0.0,0.0,1.0,0.0,0.4214876033057851,0.0,0.0,0.0,0.9256198347107438,0.9504132231404959,0.9504132231404959,0.9504132231404959,0.01652892561983471,0.0,0.0,0.008264462809917356,0.0,0.9173553719008265,0.9504132231404959,0.0,0.9504132231404959,0.0,0.0,0.0,0.008264462809917356,0.9917355371900827,0.9917355371900827,0.0,0.9834710743801653,0.0,0.0,0.0,0.9834710743801653,0.0,0.9917355371900827,0.9917355371900827,0.9917355371900827,0.0,0.9834710743801653,0.9917355371900827,0.0,0.0,0.0,1.0,0.0,0.0,0.0,1.0,0.0,0.0,0.0,1.0,0.0,1.0,0.008264462809917356,0.0,0.0,0.0,0.9917355371900827,0.0,0.0,0.0,1.0,0.0,0.0,1.0,0.0,0.0,0.0,0.0,0.0,0.008264462809917356,0.0,1.0,1.0,1.0,0.0,0.0,0.0,0.0,1.0,0.0,0.0,0.0,0.0,0.0,0.0,0.0,0.008264462809917356,1.0,0.0,0.0,0.0,0.0,0.0,0.0,0.0,0.0,0.0,0.0,0.0,1.0,0.0,0.0,0.0,0.0,0.0,0.9338842975206612,0.9586776859504132,0.0,0.0,1.0,0.0,0.0,0.0,0.0,0.0,0.0,0.0,0.0,1.0,0.0,0.008264462809917356,0.008264462809917356,0.17355371900826447,0.0,0.0,0.0,0.0,0.0,0.0,0.0,1.0,0.0,0.0,0.0,0.0,0.0,0.0,0.0,0.0,0.0,0.0,0.0,0.0,0.0,0.0,0.0,0.0,1.0,0.0,0.0,0.0,0.0,0.0,0.0,0.0,0.0,1.0,0.0,0.0,0.0,0.0,0.0,0.0,0.0,0.0,0.0,0.0,0.0,0.0,0.0,0.0,0.0,0.0,0.0,0.0,0.09090909090909091,0.09090909090909091,0.0,1.0,0.0,1.0,1.0,0.0,0.0,0.0,0.0,0.0,0.0,0.0,0.0,0.0,0.0,0.0,0.0,0.0,0.0,0.0,0.0,0.0,0.0743801652892562,0.0,0.0,0.0,0.0,0.0,0.0,0.0,0.0
BF.7,0.5625,0.0,0.0,0.0,0.0,0.012499999999999999,0.9875,0.0,0.0,0.0,0.0,0.0,1.0,0.0,0.0,0.0,0.0,0.0,0.0,0.0,0.0,0.9875,0.0,0.0,0.0,0.0,0.0,0.0,0.0,0.025,0.0,1.0,0.0,0.0,0.0,0.0,1.0,0.0,0.0,0.0,0.0,0.0,0.0,0.0,0.0,0.0,0.0,0.0,0.0,1.0,1.0,0.0,0.0,0.0,0.0,0.0,0.0,0.0,0.0,0.0,0.0,0.0,0.0,0.0,0.0,0.0,0.0,0.0,0.0,0.0,0.0,0.0,0.0,0.0,0.0,0.0,0.0,0.0,0.0,1.0,0.0,0.0,0.0,0.0,0.0,0.0,0.0,0.0,0.0,0.0,0.0,0.0,0.0,0.0,0.0,0.0,1.0,1.0,0.0,0.0,0.0,1.0,0.0,0.0,0.0,0.0,0.0,0.0,0.0,1.0,0.0,0.0,1.0,0.012499999999999999,0.0,1.0,1.0,0.0,0.0,0.0,0.0,0.0,0.0,0.0,0.0,0.0,0.0,0.0,0.0,0.0,0.0,0.0,0.0,0.0,0.0,0.0,0.0,0.0,0.0,0.0,0.0,0.0,0.0,1.0,0.0,0.0,0.0,0.0,0.0,0.0,0.0,1.0,0.0,0.0,0.0,0.0,0.0,0.0,0.0,0.0,0.0,0.0,0.0,0.0,0.0,1.0,0.0,0.0,0.012499999999999999,0.0,0.0,0.0,0.0,1.0,0.0,0.0,0.0,0.0,0.0,0.0,0.0,0.0,0.0,0.0,0.0,0.0,0.0,0.0,0.0,0.0,0.0,0.0,1.0,0.0,0.0,0.0,0.0,0.0,0.0,0.0,1.0,0.0,0.0,0.0,0.0,0.0,0.0,0.0,0.0,0.0,0.0,1.0,0.0,0.0,1.0,0.0,0.0,0.0,0.0,0.0,0.0,0.0,0.0,0.0,0.0,0.0,0.0125,0.0,0.0,0.0,0.9875,0.0,0.0,0.0,0.0,0.0,0.0,0.0,0.0,0.0,0.0,1.0,0.0,0.0,0.0,0.0,0.0,0.0,0.0,0.0,0.0,0.0,0.0,0.0,1.0,0.0,0.0,0.0,0.0,0.0,0.0,0.0,0.0,0.0,0.0,0.0,1.0,0.9875,0.0,0.0,0.0,0.0,0.0,0.875,0.875,0.875,0.875,1.0,0.975,0.0,0.0,0.9625,1.0,0.0,0.0,0.9875,0.0,0.0,0.0,0.9875,0.9875,0.0,1.0,1.0,0.0,0.0,0.0,0.0,0.0,1.0,1.0,0.0,1.0,0.0125,0.0,0.0,0.0,1.0,0.0,0.0,0.0,1.0,0.0,0.0,0.0,1.0,0.0,0.9875,0.0,0.0,0.0,0.0,1.0,0.0,0.0,0.0,1.0,0.0,0.0,0.0,0.0,0.0,0.0,0.0,0.0,0.012499999999999999,0.0,1.0,1.0,0.0,0.0,0.0,0.0,0.0,1.0,0.0,0.0,0.0,0.0,0.0,0.0,0.0,0.0,1.0,0.0,0.0,0.012499999999999999,0.0,0.0,0.0,1.0,0.0,0.0,0.0,0.0,1.0,0.0,0.0,0.0,0.0,1.0,0.0,1.0,0.0,0.0,1.0,0.0,0.0,0.0,0.0,0.0,0.975,0.0,0.0,0.0,0.0,0.0,0.0,0.012499999999999999,0.012499999999999999,0.0,0.0,0.0,0.049999999999999996,0.0,0.0,1.0,0.0,0.0,0.975,0.0,0.0,0.0,0.0,0.0,0.0,0.0,0.0,0.0,0.0,0.0,0.0,0.0,1.0,0.0,0.0,0.0,0.0,0.0,0.0,0.0,0.0,1.0,0.0,1.0,0.8,0.0,0.0,0.0,0.0,0.0,0.0,0.0,0.0,0.0,0.0,0.0,0.0,0.0,0.0,0.0,0.0,0.0,0.0,1.0,0.0,1.0,1.0,0.0,0.0,0.0,0.0,0.0,0.0,0.0,0.0,0.0,0.0,0.0125,0.0,0.0,0.0,1.0,0.0,0.0,0.0,0.0,0.0,0.0,0.0,0.0,0.0,0.0,0.0
BA.5,0.03169014084507042,0.0,0.0,0.0035211267605633804,0.0,0.0035211267605633804,0.9929577464788732,0.0,0.0,0.0,0.0,0.0,0.9929577464788732,0.0,0.0,0.0,0.0,0.0,0.0,0.0,0.0,0.22535211267605634,0.0,0.007042253521126761,0.0,0.0,0.0,0.0035211267605633804,0.0,0.0,0.0,1.0,0.0,0.0,0.0,0.0,1.0,0.0,0.0,0.0,0.0,0.0,0.0,0.0,0.0,0.0,0.0,0.0,0.0,0.9929577464788732,0.9401408450704225,0.0,0.0,0.0,0.0,0.0,0.0,0.0035211267605633804,0.0,0.0,0.0,0.0,0.0,0.0,0.0,0.0,0.0,0.0,0.0,0.0,0.0,0.0,0.0035211267605633804,0.0,0.0,0.0,0.0,0.0,0.0,0.0,0.0,0.0,0.0,0.0035211267605633804,0.0,0.0,0.0,0.0,0.0,0.0,0.0,0.0,0.0,0.0,0.0,0.0,1.0,0.9929577464788732,0.01056338028169014,0.0,0.0,0.9929577464788732,0.0035211267605633804,0.0,0.0,0.0,0.0,0.0,0.0,1.0,0.0,0.0,0.9929577464788732,0.007042253521126761,0.014084507042253521,1.0,1.0,0.0,0.0,0.0,0.0,0.0,0.007042253521126761,0.0,0.0,0.0,0.0,0.0,0.0,0.0,0.0,0.0,0.0,0.0,0.0,0.0,0.0,0.0,0.0,0.0,0.007042253521126761,0.0,0.0,0.9894366197183099,0.0,0.0,0.0,0.0,0.0,0.0,0.0035211267605633804,1.0,0.0,0.0,0.0,0.0,0.0,0.0,0.0035211267605633804,0.0,0.0035211267605633804,0.0,0.0,0.0,0.0,1.0,0.0,0.0035211267605633804,0.0035211267605633804,0.0,0.0,0.03873239436619718,0.007042253521126761,0.9964788732394366,0.0,0.0,0.0,0.017605633802816902,0.0,0.0,0.0,0.0,0.0,0.0,0.0,0.0,0.0,0.0035211267605633804,0.0,0.0,0.0,0.0,0.9964788732394366,0.0,0.0,0.0,0.0,0.0,0.0,0.0,0.9964788732394366,0.0,0.0,0.0,0.0,0.0,0.0,0.0,0.0,0.0,0.0,0.9964788732394366,0.0,0.0,0.9929577464788732,0.01056338028169014,0.0,0.0,0.0035211267605633804,0.0,0.0,0.0,0.0,0.0,0.0,0.0,0.02112676056338028,0.0,0.0,0.0,1.0,0.0,0.0,0.0,0.0,0.0035211267605633804,0.0,0.0035211267605633804,0.0,0.0,0.0,0.9964788732394366,0.0,0.0,0.0,0.0,0.0,0.0,0.0,0.0,0.0,0.0,0.0,0.0,0.9964788732394366,0.0,0.0,0.0035211267605633804,0.0,0.0,0.0,0.0,0.0,0.0,0.0,0.0,1.0,0.017605633802816902,0.0,0.0,0.0,0.0,0.0,0.9894366197183099,0.9929577464788732,0.9929577464788732,0.9929577464788732,1.0,0.8697183098591549,0.0035211267605633804,0.0,0.9894366197183099,0.9859154929577465,0.0,0.0,0.9894366197183099,0.0,0.0,0.0,1.0,1.0,0.0,1.0,0.9964788732394366,0.007042253521126761,0.0,0.0,0.0,0.0,1.0,1.0,0.0,1.0,0.0,0.0,0.0,0.0,1.0,0.0,0.0,0.0,1.0,0.0,0.0,0.0,1.0,0.0,1.0,0.0,0.0,0.0,0.0,0.9823943661971831,0.0,0.0,0.0,0.9929577464788732,0.0,0.0,0.0,0.0,0.0,0.0,0.0,0.0,0.0,0.0,1.0,1.0,0.0,0.0,0.0,0.0,0.0,1.0,0.0,0.0035211267605633804,0.0035211267605633804,0.0,0.0,0.0,0.0,0.0,1.0,0.0,0.0,0.0,0.0,0.0,0.0,1.0,0.0,0.0,0.0,0.0,1.0,0.0,0.0,0.0035211267605633804,0.0,0.9929577464788732,0.0,1.0,0.0,0.0,1.0,0.0,0.0,0.0,0.0,0.0,0.0,0.0,0.0,0.0,0.0035211267605633804,0.0,0.0,0.0035211267605633804,0.6302816901408451,0.0,0.0,0.0,0.0,0.0,0.0,1.0,0.0,0.0,0.9471830985915493,0.0,0.0,0.0,0.0,0.0,0.0,0.0,0.0,0.0,0.0,0.0,0.0,0.0,1.0,0.0,0.0,0.0,0.0,0.0,0.0,0.0,0.0,0.9964788732394366,0.0,0.22535211267605634,0.0,0.0,0.0,0.0,0.0,0.0,0.0,0.0,0.0,0.0,0.0,0.0,0.0,0.0,0.0,0.0,0.007042253521126761,0.007042253521126761,0.0,1.0,0.0,0.9894366197183099,0.9964788732394366,0.0,0.0,0.0,0.0,0.0,0.0,0.0,0.0,0.0,0.0,0.0,0.0,0.0,0.0,0.9964788732394366,0.0,0.0,0.0,0.0,0.6232394366197183,0.0035211267605633804,0.0,0.0,0.0,0.0,0.0
BA.4,0.1388888888888889,0.0,0.0,0.08333333333333333,0.0,0.0,1.0,0.0,0.0,0.0,0.0,0.0,1.0,0.0,0.0,0.0,0.0,0.0,0.0,0.0,0.0,0.0,0.0,0.0,0.0,0.0,0.0,0.0,0.0,0.0,0.0,1.0,0.0,0.0,0.0,0.0,1.0,0.0,0.027777777777777776,0.0,0.0,0.0,0.0,0.0,0.0,0.0,0.0,0.0,0.0,1.0,1.0,0.0,0.0,0.0,0.0,0.0,0.0,0.0,0.0,0.0,0.0,0.0,0.0,0.0,0.0,0.027777777777777776,0.0,0.0,0.0,0.0,0.0,0.0,0.0,0.0,0.0,0.0,0.0,0.0,0.0,0.0,0.0,0.0,0.0,0.0,0.0,0.0,0.0,0.0,0.0,0.0,0.0,0.0,0.0,0.0,0.0,0.0,1.0,1.0,0.0,0.0,0.0,1.0,0.0,0.0,0.0,0.0,0.0,0.0,0.0,1.0,0.0,0.0,1.0,0.0,0.0,1.0,1.0,0.0,0.0,0.0,0.0,0.0,0.027777777777777776,0.0,0.0,0.0,0.0,0.0,0.0,0.0,0.0,0.0,0.0,0.0,0.0,0.0,0.0,0.0,0.0,0.0,0.0,0.0,0.0,1.0,0.0,0.0,0.0,0.0,0.0,0.0,0.0,1.0,0.0,0.0,0.0,0.0,0.0,0.0,0.0,0.0,0.0,0.0,0.0,0.0,0.0,1.0,0.0,0.0,0.0,0.0,0.0,0.0,0.027777777777777776,1.0,0.0,0.0,0.0,0.0,0.0,0.0,0.0,0.0,0.0,0.0,0.0,0.0,0.0,0.0,0.0,0.0,0.0,0.0,1.0,0.0,0.0,0.0,0.0,0.0,0.0,0.0,1.0,0.0,0.0,0.0,0.0,0.0,0.0,0.0,0.0,0.0,0.0,1.0,0.0,0.0,1.0,0.0,0.0,0.0,0.0,0.0,0.0,0.0,0.0,0.0,0.0,0.0,0.027777777777777776,0.0,0.0,0.0,1.0,0.0,0.0,0.0,0.0,0.0,0.0,0.0,0.0,0.0,0.0,1.0,0.0,0.0,0.0,0.0,0.0,0.0,0.0,0.0,0.0,0.0,0.0,0.0,1.0,0.0,0.0,0.0,0.0,0.0,0.0,0.0,0.0,0.0,0.0,0.0,1.0,0.3611111111111111,0.0,0.0,0.0,0.0,0.0,1.0,1.0,1.0,1.0,1.0,1.0,0.0,0.0,1.0,1.0,0.0,0.0,1.0,0.0,0.0,0.0,1.0,1.0,0.0,1.0,1.0,0.0,0.0,0.0,0.0,0.0,1.0,1.0,0.0,1.0,0.0,0.0,0.0,0.0,1.0,0.0,0.0,0.0,1.0,0.6388888888888888,0.0,0.0,1.0,0.0,1.0,0.0,0.0,0.0,0.0,1.0,0.0,0.0,0.0,1.0,0.0,0.0,0.0,0.0,0.0,0.0,0.0,0.0,0.0,0.0,1.0,1.0,0.0,0.0,0.0,0.0,0.0,1.0,0.0,0.0,0.0,0.0,0.0,0.0,0.0,0.0,1.0,0.0,0.0,0.0,0.0,0.0,0.0,1.0,0.0,0.0,0.0,0.0,1.0,0.0,0.0,0.0,0.0,0.0,0.0,1.0,0.0,0.0,1.0,0.0,0.0,0.0,1.0,0.0,0.0,0.0,0.0,0.9444444444444444,0.0,0.9722222222222222,0.9722222222222222,0.9722222222222222,0.0,0.0,0.0,0.0,0.0,0.0,0.9444444444444444,1.0,0.0,0.0,0.0,0.0,0.0,0.027777777777777776,0.0,0.0,0.0,0.0,0.0,0.0,0.0,0.0,0.0,0.0,1.0,0.0,0.0,0.0,0.0,0.0,0.0,0.0,0.0,1.0,0.0,0.0,0.0,0.0,0.0,0.0,0.0,0.0,0.0,0.0,0.0,0.0,0.0,1.0,0.0,0.0,0.0,0.0,0.0,0.0,0.0,1.0,0.0,1.0,1.0,0.0,0.0,0.0,0.0,0.0,0.0,0.0,0.0,0.0,0.0,0.0,0.0,0.0,0.0,1.0,0.0,0.0,0.0,0.0,0.0,0.0,0.0,0.0,0.0,0.0,0.0
BQ.1,0.049586776859504134,0.0,0.0,0.0,0.0,0.0,1.0,0.0,0.0,0.0,0.0,0.0,1.0,0.0,0.0,0.0,0.0,0.0,0.0,0.0,0.0,0.0,0.0,1.0,0.0,0.0,0.0,0.0,0.0,0.0,0.0,1.0,0.0,0.0,1.0,0.0,1.0,0.0,0.008264462809917356,0.0,0.0,0.0,0.0,0.0,0.0,0.0,0.008264462809917356,0.0,0.0,0.9917355371900827,0.9917355371900827,0.0,0.0,0.0,0.0,0.0,0.0,0.0,0.0,0.0,0.0,0.0,0.0,0.0,0.0,0.0,0.0,0.0,0.0,0.0,0.0,0.0,0.0,0.0,0.0,0.0,0.0,0.0,0.0,0.024793388429752063,0.0,0.0,0.0,0.0,0.0,0.0,0.0,0.0,0.0,0.0,0.0,0.0,0.0,0.0,0.0,0.0,1.0,1.0,0.0,0.0,0.0,0.9917355371900827,0.0,0.0,0.0,0.0,0.0,0.0,0.0,1.0,0.0,0.0,1.0,0.0,0.05785123966942149,1.0,1.0,0.0,0.0,0.0,0.0,0.0,0.0,0.0,0.0,0.0,0.0,0.0,0.0,0.0,0.0,0.0,0.0,0.0,0.0,0.0,0.0,0.0,0.0,1.0,0.0,0.0,0.0,1.0,0.0,0.0,0.0,0.0,0.0,0.0,0.0,1.0,0.0,0.0,0.0,0.0,0.0,0.0,0.0,0.0,0.0,0.9917355371900827,0.0,0.0,0.0,1.0,0.0,0.0,0.0,0.0,0.008264462809917356,0.0,0.0,1.0,0.0,0.0,0.0,0.0,0.0,0.0,0.0,0.0,0.0,0.0,0.0,1.0,0.0,0.0,0.8842975206611571,0.0,0.0,0.0,1.0,0.0,0.0,0.0,0.0,0.0,0.0,0.008264462809917356,0.9834710743801653,0.0,0.0,0.0,0.0,0.0,0.0,0.0,0.0,0.0,0.008264462809917356,1.0,0.0,0.0,1.0,0.0,0.0,0.0,0.0,0.0,0.0,0.0,0.0,0.0,0.0,0.0,0.01652892561983471,0.0,0.0,0.0,0.9752066115702479,0.0,0.0,0.0,0.0,0.0,0.0,0.0,0.0,0.0,0.0,1.0,0.0,0.0,0.0,0.0,0.0,0.0,0.0,0.0,0.0,0.008264462809917356,0.0,0.0,1.0,0.0,0.0,0.008264462809917356,0.0,0.0,0.0,0.0,0.0,0.0,0.0,0.0,1.0,0.8016528925619835,0.0,0.008264462809917356,0.0,0.0,0.0,1.0,1.0,1.0,1.0,1.0,0.9752066115702479,0.0,0.0,0.9669421487603306,1.0,1.0,0.0,0.9917355371900827,0.0,1.0,0.0,1.0,1.0,0.0,1.0,1.0,0.0,0.0,0.0,0.0,0.0,1.0,1.0,0.0,0.9917355371900827,0.0,0.0,0.0,0.0,1.0,0.0,0.0,0.0,1.0,0.0,0.0,0.0,1.0,0.0,1.0,0.0,0.0,0.0,0.0,0.9752066115702479,0.0,0.0,0.0,0.9917355371900827,0.0,0.0,0.0,0.0,0.0,0.0,0.0,0.0,0.0,0.0,1.0,1.0,0.0,0.0,0.0,0.0,0.0,1.0,0.0,0.0,0.0,0.0,0.0,0.0,0.0,0.0,1.0,0.0,0.0,0.008264462809917356,0.0,0.0,0.0,0.9917355371900827,0.0,0.0,0.0,0.0,1.0,0.0,0.008264462809917356,0.0,0.0,0.9917355371900827,0.0,0.9917355371900827,0.0,0.0,1.0,0.008264462809917356,0.0,0.0,0.0,0.0,0.0,0.0,0.0,0.0,0.0,0.0,0.0,0.0,0.01652892561983471,0.0,0.0,0.0,0.0,0.0,0.0,1.0,0.0,0.0,0.9917355371900827,0.0,0.0,0.0,0.0,0.0,0.0,0.0,0.008264462809917356,0.0,0.0,0.0,0.0,0.0,1.0,0.0,0.0,0.0,0.0,0.0,0.0,0.0,0.0,1.0,1.0,0.0,0.0,0.0,0.0,0.0,0.0,0.0,0.0,0.0,1.0,0.0,0.0,0.0,0.0,0.0,0.0,0.0,0.0,0.0,0.0,1.0,0.0,1.0,1.0,0.0,0.0,0.0,0.0,0.0,0.0,0.0,0.0,0.0,0.0,0.0,0.0,0.0,0.0,0.9917355371900827,0.0,0.0,0.0,0.0,0.0,0.0,0.0,0.0,0.0,0.0,0.0
BN.1,0.0967741935483871,0.0,0.0,0.06451612903225806,0.0,0.0,0.9032258064516129,0.0,0.0,0.0,0.0,0.0,1.0,0.0,0.0,0.0,0.0,0.0,0.0,0.0,0.0,0.0,0.0,0.0,0.0,0.0,0.0,0.0,0.0,0.0,0.0,1.0,0.0,0.0,0.0,0.0,1.0,0.0,0.0,0.0,0.0,1.0,0.0,0.0,0.0,1.0,0.06451612903225806,0.0,0.0,1.0,0.967741935483871,0.0,0.0,1.0,0.0,0.0,0.0,1.0,0.0,0.0,0.0,0.0,0.0,0.0,0.0,0.0,0.0,0.0,0.0,0.0,0.0,0.0,0.0,0.0,0.0,0.0,0.0,0.0,0.0,0.0,0.0,0.0,0.0,0.0,0.0,0.0,0.0,0.0,0.0,0.0,0.0,0.0,0.0,0.0,0.0,0.0,1.0,1.0,0.0,0.0,0.0,1.0,0.0,0.0,0.967741935483871,0.0,0.0,0.0,0.0,1.0,0.0,0.0,1.0,0.0,0.0,1.0,1.0,0.0,0.0,0.0,0.0,0.0,0.0,0.0,0.5161290322580645,0.0,0.0,0.0,0.0,0.0,0.0,0.0,0.0,0.0,0.0,0.0,0.0,0.0,0.0,0.0,0.0,0.0,0.0,0.0,0.0,1.0,0.0,0.0,0.0,0.0,0.0,1.0,0.0,0.0,0.0,0.0,0.0,0.0,0.0,0.0,0.0,0.0,0.0,0.0,0.0,1.0,0.0,0.0,0.0,0.0,0.0,0.0,1.0,1.0,0.0,0.0,0.0,0.0,0.0,0.0,0.0,0.0,0.0,0.0,0.0,0.0,0.0,0.0,0.0,0.0,0.0,0.0,1.0,0.0,0.0,0.0,0.0,0.0,0.0,0.0,1.0,0.0,0.0,0.0,0.0,0.0,0.0,0.0,0.0,0.0,0.0,0.967741935483871,0.0,0.0,0.967741935483871,0.0,1.0,0.0,0.0,0.0,0.0,0.0,0.0,0.0,0.0,0.0,0.03225806451612903,0.0,0.0,0.0,1.0,0.0,0.0,0.0,0.0,0.0,0.0,0.0,0.0,0.0,0.0,1.0,0.0,0.0,0.0,0.0,1.0,0.0,1.0,0.0,1.0,0.0,0.9354838709677419,0.0,0.9354838709677419,0.0,0.0,0.0,0.0,1.0,0.0,0.0,0.0,0.0,0.0,0.8064516129032258,0.967741935483871,1.0,0.0,0.0,1.0,0.0,0.0,1.0,1.0,1.0,1.0,1.0,0.7419354838709677,0.0,0.0,0.9354838709677419,0.967741935483871,0.0,0.967741935483871,0.0,0.967741935483871,0.0,0.0,1.0,0.9354838709677419,0.0,0.967741935483871,0.0,0.0,1.0,0.0,0.03225806451612903,0.0,1.0,1.0,0.0,1.0,0.0,0.0,0.0,0.0,1.0,0.0,0.0,0.0,1.0,0.0,0.0,0.0,1.0,0.0,1.0,0.0,0.0,0.0,0.0,1.0,0.0,0.0,0.0,1.0,0.0,0.0,0.0,0.0,0.0,0.0,0.0,0.0967741935483871,0.0,0.0,1.0,1.0,0.0,0.0,0.0,0.0,0.0,1.0,0.0,0.0,0.0,1.0,0.0,0.0,0.0,0.0,1.0,0.0,0.0,0.0,0.0,0.0,0.0,1.0,0.5161290322580645,0.0,0.0,0.0967741935483871,1.0,1.0,0.0,0.0,0.0,0.0,0.0,0.967741935483871,0.0,0.03225806451612903,1.0,0.0,0.0,0.0,1.0,0.0,0.0,0.0,0.0,1.0,0.0,1.0,1.0,1.0,0.0,0.0,0.0,0.0,0.0,0.06451612903225806,0.0,1.0,0.0,0.0,0.0,0.0,0.0,0.0,0.0,0.0,0.0,0.0,0.0,0.0,0.0,0.0,0.0,0.0,1.0,0.0,0.0,0.0,0.0,0.0,0.0,0.0,0.0,0.967741935483871,0.0,0.0,0.0,0.0,0.0,0.0,0.0,0.0,0.0,0.0,0.0,0.0,0.0,0.0,0.0,0.0,0.0,0.0,0.0,0.0,0.0,1.0,0.0,1.0,1.0,0.0,0.0,0.0,0.0,0.0,0.0,0.0,0.0,0.0,0.0,0.0,0.0,0.0,0.0,1.0,0.0,0.0,0.0,0.0,0.0,0.0,0.0,0.0,0.0,0.0,0.0
CH.1.1,0.34782608695652173,0.0,0.0,0.08695652173913043,0.0,0.0,0.9130434782608695,0.0,0.0,0.0,0.0,0.0,1.0,0.0,0.0,0.0,0.0,0.0,0.0,0.0,0.0,0.0,0.0,0.0,0.0,0.0,0.0,0.0,0.0,0.0,0.0,1.0,0.0,0.0,0.0,0.0,1.0,0.0,0.0,0.0,0.0,1.0,0.0,0.0,1.0,0.9565217391304348,0.0,0.0,0.0,1.0,0.9565217391304348,0.0,0.0,1.0,0.0,0.0,0.0,0.9565217391304348,0.0,0.0,0.0,0.0,0.0,0.0,0.0,0.0,0.0,0.0,0.0,0.0,0.0,0.0,0.0,0.0,0.0,0.0,0.0,0.0,0.0,0.0,0.0,0.0,0.0,0.0,0.08695652173913043,0.0,0.0,0.0,0.0,0.0,0.0,0.0,0.0,0.0,0.0,0.0,1.0,0.9565217391304348,0.0,0.0,0.0,1.0,0.0,0.0,1.0,0.0,0.0,0.0,0.0,1.0,0.0,0.0,1.0,0.0,0.0,1.0,1.0,0.0,0.0,0.0,0.0,0.0,0.0,0.0,0.0,0.0,0.0,0.0,0.0,0.0,0.0,0.0,0.0,0.0,0.0,0.0,0.0,0.0,0.0,0.0,0.0,0.0,0.0,0.0,0.0,1.0,0.0,0.0,0.0,0.043478260869565216,0.0,1.0,0.0,0.0,0.0,0.0,0.0,0.0,0.0,0.0,0.0,0.0,0.0,0.0,0.0,1.0,0.0,0.0,0.0,0.0,0.0,0.0,1.0,1.0,0.0,0.0,0.0,0.043478260869565216,0.0,0.0,0.0,0.0,0.0,0.0,0.0,0.0,0.0,0.0,0.0,0.0,0.0,0.0,1.0,0.0,0.0,0.0,0.0,0.0,0.0,0.0,0.9130434782608695,0.0,0.0,0.9565217391304348,0.0,0.0,0.0,0.0,0.0,0.0,0.0,1.0,0.0,0.0,1.0,0.0,0.0,0.0,0.0,0.0,0.0,0.9565217391304348,0.0,0.0,0.0,0.0,0.0,0.0,0.0,0.0,1.0,0.0,0.0,0.0,0.0,0.0,0.0,0.5652173913043478,0.0,0.0,0.0,0.9565217391304348,0.0,0.0,0.0,0.0,0.9130434782608695,0.0,0.9130434782608695,0.0,0.9130434782608695,0.0,0.9130434782608695,0.0,0.9565217391304348,0.0,0.0,0.043478260869565216,0.0,0.9565217391304348,0.0,0.0,0.0,0.0,0.0,1.0,1.0,1.0,0.0,0.0,0.0,0.0,0.0,1.0,1.0,1.0,1.0,1.0,1.0,0.0,0.0,0.782608695652174,0.9130434782608695,1.0,1.0,1.0,1.0,0.0,0.0,0.9130434782608695,0.9130434782608695,0.0,0.9565217391304348,0.0,0.9565217391304348,0.0,0.0,0.0,0.0,0.9565217391304348,0.9565217391304348,0.0,0.9565217391304348,0.0,0.0,0.0,0.043478260869565216,1.0,0.0,0.0,0.0,1.0,0.0,0.0,0.0,1.0,0.0,0.9565217391304348,0.0,0.0,0.0,0.0,1.0,0.0,0.0,0.0,1.0,0.0,0.0,0.0,0.0,0.0,0.0,0.0,0.0,0.0,0.0,1.0,1.0,0.0,0.0,0.0,0.0,0.0,1.0,0.0,0.0,0.0,1.0,0.043478260869565216,0.0,0.0,0.0,1.0,0.0,0.0,0.043478260869565216,0.0,0.0,0.0,1.0,0.0,0.0,0.0,0.0,1.0,1.0,0.0,0.0,0.0,0.0,0.0,1.0,0.0,0.0,1.0,0.0,0.0,0.0,1.0,0.0,0.0,0.0,0.0,1.0,0.0,1.0,1.0,1.0,0.0,0.0,0.0,0.0,0.0,0.0,0.0,1.0,0.0,0.0,0.0,0.0,0.0,0.0,0.0,0.0,0.0,0.0,0.043478260869565216,0.0,0.0,0.0,0.0,0.0,1.0,0.0,0.0,0.0,0.0,0.0,0.0,0.0,0.0,0.9565217391304348,0.0,0.0,0.0,0.0,0.0,0.0,0.0,0.0,0.0,0.0,0.0,0.0,0.0,0.0,0.0,0.0,0.0,0.0,0.0,0.0,0.0,1.0,0.0,1.0,1.0,0.0,0.0,0.0,0.0,0.0,0.0,0.0,0.0,0.0,0.0,0.0,0.0,0.0,0.0,1.0,0.0,0.0,0.0,0.0,0.0,0.0,0.0,0.0,0.0,0.0,0.0
B.1.620,0.0,0.0,0.0,0.0,0.0,0.0,1.0,0.0,0.0,0.0,0.0,0.0,0.0,0.0,0.0,0.0,0.0,0.0,1.0,0.0,0.0,0.0,0.0,0.0,0.0,0.0,0.0,0.0,0.0,0.0,0.0,0.0,0.0,0.0,0.0,0.0,1.0,0.0,0.0,0.0,0.0,0.0,0.0,0.0,0.0,0.0,0.0,0.0,0.0,0.0,0.0,0.0,0.0,0.0,0.0,0.0,0.0,0.0,0.0,0.0,0.0,0.0,0.0,0.0,0.0,0.0,0.0,1.0,0.0,0.0,0.0,0.0,0.0,0.0,0.0,0.0,0.0,0.0,0.0,0.0,0.0,0.8181818181818182,0.0,0.0,0.0,0.0,0.0,0.0,0.0,0.0,0.0,0.0,0.0,0.0,0.0,0.0,0.0,0.0,0.0,0.0,0.0,0.0,0.0,0.0,0.0,0.0,0.0,0.0,0.0,0.0,0.0,0.0,0.0,0.0,0.0,0.0,0.0,0.0,0.0,0.0,0.0,0.0,0.0,0.0,0.0,0.0,0.0,0.0,0.0,0.0,0.0,0.0,0.0,0.0,0.0,0.0,0.0,0.0,0.0,0.0,0.0,0.0,0.0,0.0,0.0,0.0,0.0,0.0,0.0,0.0,0.0,0.0,0.0,0.0,0.0,0.0,0.0,0.0,0.0,0.0,0.0,0.0,0.0,0.0,0.0,1.0,0.0,0.0,0.0,0.0,0.0,1.0,0.0,0.0,0.0,0.0,0.0,0.0,0.0,0.0,0.0,0.0,0.0,0.0,0.0,0.0,0.0,0.0,0.0,0.0,0.9696969696969697,0.0,0.0,0.0,0.0,0.0,0.8181818181818182,0.0,0.0,0.0,0.0,0.0,0.0,0.0,0.0,0.0,0.0,0.0,0.0,0.0,0.0,0.0,0.0,1.0,0.0,0.0,0.0,0.0,0.0,0.0,0.0,0.0,0.0,0.0,0.0,0.0,0.0,0.030303030303030304,0.0,0.0,0.0,0.0,0.0,1.0,0.0,0.0,0.0,0.0,0.0,1.0,0.0,0.0,0.0,0.0,0.0,0.0,0.0,0.0,0.0,0.0,0.0,0.0,0.0,0.0,0.0,0.0,0.0,1.0,0.0,0.0,0.0,0.0,0.0,0.0,0.6666666666666666,0.0,0.0,0.0,0.0,0.0,0.0,0.0,0.0,0.0,0.0,0.0,0.0,0.0,0.0,0.0,0.0,0.0,0.0,0.0,0.0,0.0,0.0,0.0,0.0,1.0,0.0,1.0,0.0,0.0,0.0,0.0,0.0,0.0,0.0,0.0,0.0,0.0,0.0,0.0,0.0,0.0,0.0,1.0,1.0,0.0,0.0,0.0,0.0,0.0,0.0,0.0,0.0,1.0,0.0,0.0,0.0,0.0,0.0,0.0,0.0,0.0,0.0,0.0,0.0,0.0,0.0,0.0,0.0,0.0,0.0,0.0,0.0,0.0,0.0,0.0,0.0,1.0,0.0,1.0,0.0,0.0,0.0,0.0,0.0,0.0,0.0,0.0,0.0,0.0,0.0,0.0,0.09090909090909091,0.0,0.0,0.0,0.0,0.0,0.0,0.0,0.0,0.0,0.0,0.0,0.0,0.0,0.0,0.0,0.0,0.0,0.0,0.0,0.0,0.0,0.0,0.0,0.0,0.0,0.0,0.0,0.0,0.0,0.0,0.0,0.0,0.0,0.0,0.0,0.0,0.0,0.0,0.0,0.0,0.0,0.0,0.0,0.0,0.0,0.0,0.0,0.0,0.0,0.0,0.0,0.0,0.0,0.0,0.0,0.0,1.0,0.0,0.0,0.0,0.0,0.0,0.0,1.0,0.0,0.0,0.0,0.0,0.0,0.0,0.0,0.0,0.0,0.0,0.0,0.0,0.0,0.0,0.0,0.0,0.0,0.0,0.0,0.0,0.0,0.0,0.0,0.0,0.0,0.0,0.0,0.0,0.0,0.0,0.0,1.0,0.0,0.0,0.0,0.0,0.0,0.0,0.0,0.0,0.0,0.0,0.0,0.0,0.0,0.0,0.0,0.0,0.0,0.0,0.0,0.0,0.0
B.1.1.523,0.0,0.0,0.0,0.0,0.0,0.0,1.0,0.0,0.0,0.0,0.0,0.0,0.0,0.0,0.0,0.0,1.0,0.0,0.0,0.0,1.0,0.0,0.0,0.0,0.0,1.0,0.0,0.0,0.0,0.0,0.0,0.0,0.0,0.0,0.0,0.9629629629629629,1.0,0.0,0.0,0.0,0.0,0.0,0.0,0.0,0.0,0.0,0.0,0.0,0.0,0.0,0.0,0.0,0.0,0.0,0.0,0.0,0.0,0.0,0.0,0.0,0.0,0.0,0.0,0.0,0.018518518518518517,0.0,0.0,0.0,0.0,0.0,0.0,0.0,0.0,1.0,0.0,0.0,0.0,0.0,0.0,0.0,0.0,0.0,0.0,0.0,0.0,0.0,0.0,0.0,0.0,0.0,0.0,0.0,0.0,0.0,0.0,0.0,0.0,0.0,1.0,0.0,0.0,0.0,0.018518518518518517,0.018518518518518517,0.0,0.0,0.0,0.0,0.0,0.0,0.0,0.0,0.0,0.0,0.018518518518518517,0.0,0.0,0.0,0.0,0.0,0.0,1.0,0.037037037037037035,0.0,0.0,0.0,0.0,1.0,0.0,0.0,0.0,0.0,0.0,0.0,0.0,0.0,0.0,0.0,0.0,0.018518518518518517,0.0,0.0,0.0,0.0,0.0,0.0,0.0,0.0,0.018518518518518517,0.0,0.0,0.0,0.0,0.0,0.0,1.0,0.0,0.0,0.0,0.0,1.0,0.0,0.0,0.0,0.0,1.0,0.0,0.0,0.0,0.0,0.0,0.0,0.0,0.0,0.0,0.0,0.0,0.0,0.0,1.0,0.0,0.0,0.018518518518518517,0.0,1.0,0.0,0.0,0.0,0.0,0.0,0.0,0.0,0.0,0.0,0.0,0.8703703703703703,0.0,0.0,0.0,0.0,0.0,0.0,0.0,0.0,0.0,0.0,0.0,0.0,0.0,0.0,0.0,0.0,0.0,0.0,0.0,0.0,0.0,0.0,0.0,0.0,0.0,0.0,0.0,0.0,0.0,0.037037037037037035,0.0,0.0,0.0,0.0,0.0,0.0,0.0,0.0,0.0,0.0,0.0,0.0,0.018518518518518517,0.0,0.018518518518518517,0.0,0.0,0.0,0.0,0.0,0.0,0.0,0.0,0.0,0.0,0.0,0.0,0.0,0.0,0.0,0.0,0.0,0.0,0.0,0.0,0.0,0.0,0.9814814814814815,0.0,0.0,0.0,0.0,0.0,0.0,0.0,0.0,0.0,0.0,0.0,0.0,0.0,0.0,0.0,0.0,0.0,0.0,0.0,0.0,0.0,0.0,0.0,0.0,0.0,0.0,0.0,1.0,0.0,0.0,0.0,0.0,0.0,1.0,0.0,0.0,0.0,0.0,0.0,0.0,0.0,0.0,0.0,1.0,0.0,0.0,0.0,0.0,0.0,0.018518518518518517,0.0,0.0,0.0,0.0,0.0,0.0,0.0,0.0,0.0,0.0,1.0,0.0,0.0,1.0,0.0,0.0,0.0,0.0,0.0,0.0,0.0,0.0,0.0,0.0,0.0,0.0,0.0,1.0,0.0,0.0,0.0,0.0,0.0,0.0,0.0,0.0,0.0,0.0,0.0,0.0,0.0,0.0,0.9444444444444444,0.0,0.0,0.9074074074074074,0.0,0.0,0.0,0.0,0.0,0.0,0.0,0.0,0.0,0.0,0.0,0.0,0.0,0.0,0.0,0.0,0.0,1.0,0.0,0.0,0.0,0.0,0.0,0.0,0.0,0.0,0.0,0.0,0.0,0.0,0.0,0.0,0.0,0.018518518518518517,0.0,0.0,0.0,0.0,0.0,0.0,0.0,0.0,0.0,0.0,0.0,0.0,0.0,0.0,0.0,0.0,0.0,0.0,0.018518518518518517,0.0,0.0,0.0,1.0,0.0,0.0,0.0,0.0,0.0,0.0,0.0,0.0,0.0,0.0,0.0,0.0,0.0,0.0,0.0,0.0,0.0,0.0,0.0,0.0,0.0,0.0,0.0,0.0,0.018518518518518517,0.018518518518518517,0.0,1.0,0.0,1.0,1.0,0.0,1.0,0.0,0.0,0.0,0.0,0.0,0.0,0.0,0.0,0.0,0.0,0.0,0.0,0.0,0.0,0.0,0.0,0.0,0.0,0.0,0.0,0.0,0.0,0.0,0.0
B.1.621,0.0,0.02586206896551724,0.008620689655172414,0.0,0.0,0.0,1.0,0.0,0.0,0.0,0.0,0.0,0.0,0.0,0.0,0.0,0.0,0.0,0.0,0.0,0.0,0.0,0.0,0.0,0.0,0.0,0.0,0.0,0.0,0.0,0.0,0.0,0.0,0.0,0.0,0.0,1.0,0.0,0.0,0.0,1.0,0.0,0.0,0.0,0.0,0.0,0.0,0.0,0.0,0.0,0.0,0.0,0.0,0.0,1.0,0.0,0.0,0.008620689655172414,0.5258620689655172,0.017241379310344827,0.0,0.0,0.0,0.0,0.0,0.0,1.0,0.0,0.0,0.02586206896551724,0.0,0.02586206896551724,0.0,0.0,0.0,0.0,0.5258620689655172,0.0,0.0,0.0,0.0,0.0,0.0,0.0,0.0,0.0,0.0,0.0,0.0,0.0,0.0,0.0,0.5258620689655172,0.0,0.0,0.0,0.0,0.0,0.0,0.0,0.0,0.0,0.0,0.0,0.0,0.0,0.0,0.0,0.0,1.0,0.0,0.0,0.0,0.07758620689655173,0.0,0.0,0.0,0.0,0.0,0.0,0.0,0.0,0.0,0.0,0.0,0.0,0.0,0.0,0.0,0.0,0.0,0.0,0.0,0.0,0.0,1.0,0.0,0.0,0.008620689655172414,0.0,0.0,0.0,0.0,0.0,0.0,0.0,0.0,0.0,0.0,0.0,0.0,0.0,0.0,1.0,0.0,0.0,0.0,0.0,0.0,0.0,0.0,0.0,0.0,0.0,0.0,1.0,0.0,0.0,0.0,0.0,0.0,0.0,0.0,0.0,0.0,0.0,0.0,0.0,0.0,0.0,0.0,0.0,0.0,0.0,0.0,0.0,0.0,0.05172413793103448,0.0,0.0,0.0,0.0,0.0,1.0,0.0,0.0,0.0,0.5258620689655172,0.0,0.0,0.0,0.0,0.0,0.0,0.0,1.0,0.9396551724137931,0.0,0.0,0.0,0.0,0.0,0.0,0.0,0.0,0.9827586206896551,0.0,0.0,0.5258620689655172,0.0,0.0,0.0,0.0,0.0,0.0,0.0,0.08620689655172414,0.0,0.0,0.0,0.0,0.0,0.0,0.0,0.0,0.0,0.0,0.0,0.9655172413793104,0.0,0.0,0.0,0.853448275862069,0.0,0.5775862068965517,0.0,0.0,0.0,0.0,0.0,0.0,0.0,0.0,0.0,0.0,0.0,0.0,0.0,0.0,0.0,0.5258620689655172,0.0,0.0,0.0,0.0,0.0,0.0,0.0,1.0,0.0,0.0,0.0,0.0,0.0,0.0,0.0,0.0,0.0,0.0,0.0,0.0,0.02586206896551724,0.0,0.0,0.0,0.0,0.0,0.0,0.0,0.0,0.0,1.0,0.0,0.0,0.0,0.0,0.0,0.0,0.0,0.0,1.0,0.0,0.0,0.0,0.0,0.0,0.0,1.0,0.0,0.0,0.0,0.0,0.0,0.0,0.0,0.0,0.0,1.0,0.0,0.0,0.0,0.0,0.0,0.0,0.0,0.0,0.0,0.0,0.0,0.0,0.0,0.0,0.0,0.0,0.0,0.0,0.9913793103448276,0.0,0.0,0.0,0.0,0.0,0.0,0.0,0.0,0.0,0.0,0.0,0.0,0.0,0.0,0.0,1.0,0.0,0.0,0.0,0.0,0.0,0.0,0.0,0.0,0.0,0.0,0.5258620689655172,0.0,0.0,0.0,0.0,0.0,1.0,0.0,0.0,0.0,0.0,0.0,0.0,0.0,0.0,0.0,0.0,0.0,0.0,0.0,0.0,0.0,0.0,0.017241379310344827,0.017241379310344827,0.017241379310344827,0.0,0.0,0.0,0.008620689655172414,0.0,0.0,0.0,0.0,0.0,0.0,0.02586206896551724,0.0,0.9741379310344828,0.0,0.0,0.9913793103448276,0.06034482758620689,0.0,0.9568965517241379,0.0,0.0,0.0,0.04310344827586207,0.0,0.0,0.0,1.0,0.0,0.0,0.0,0.0,0.0,0.0,0.0,0.0,0.0,0.0,0.0,0.0,0.0,0.0,0.0,0.0,0.5258620689655172,0.0,0.0,0.0,0.0,0.0,0.0,0.0,0.0,0.0,0.0,0.0,0.0,0.0,0.0,0.0,1.0,0.0,0.0,0.0,0.0,0.0,0.0,0.0,0.0,0.0,0.0,0.0,0.034482758620689655,0.0,0.0,0.0,0.0,0.0,0.0,0.0,0.0,0.0,0.5258620689655172,0.0,0.0,0.0
B.1.1.318,0.0,0.0,0.0,0.0,0.0,0.0,1.0,0.0,0.0,0.0,0.0,0.0,0.0,0.0,0.0,0.0,0.0,0.0,0.0,0.0,0.0,0.0,0.0,0.0,0.0,0.0,0.0,0.0,0.0,0.0,0.0,0.0,0.0,0.0,0.0,0.0,1.0,0.0,0.0,0.0,0.0,0.0,0.0,0.9411764705882353,0.0,0.0,1.0,0.0,0.0,0.0,0.0,0.0,0.0,0.0,0.0,0.0,0.0,0.0,0.0,0.0,0.0,0.0,0.0,0.0,0.0,0.0,0.0,0.0,0.058823529411764705,0.0,0.0,0.0,0.0,0.0,0.0,0.0,0.0,0.0,0.0,0.0,1.0,0.0,0.0,0.0,0.0,0.0,0.0,0.0,0.0,0.0,0.0,1.0,0.0,0.0,0.0,0.0,0.058823529411764705,0.0,0.0,0.0,0.0,0.0,0.0,0.0,0.0,0.0,1.0,0.0,0.0,0.0,0.0,1.0,0.0,0.0,0.7058823529411765,0.0,0.0,0.0,0.0,0.0,0.0,0.0,0.0,0.0,0.0,0.0,0.0,0.0,0.0,0.0,0.0,0.0,0.0,0.0,0.0,0.0,0.0,0.0,0.0,0.0,0.0,0.0,0.0,0.0,0.7058823529411765,0.0,0.0,0.0,0.0,0.0,0.0,0.0,0.0,0.0,0.0,0.0,0.0,0.0,0.0,0.0,0.0,0.0,0.0,0.0,0.0,1.0,0.0,0.0,0.0,0.0,0.0,0.0,0.0,0.0,0.0,0.0,0.0,0.0,0.0,0.0,0.0,0.0,0.0,0.0,0.0,0.0,0.0,0.0,0.0,0.0,0.0,0.0,0.0,0.0,0.0,0.0,0.0,0.0,0.0,0.0,0.0,0.0,0.0,0.0,0.0,0.0,0.0,0.0,0.0,0.0,0.0,0.0,0.0,0.0,0.0,0.0,0.0,0.0,0.0,1.0,0.0,0.0,0.7058823529411765,0.0,0.0,0.0,0.0,0.0,0.0,0.0,0.0,0.0,0.0,0.0,0.0,0.0,0.0,0.0,1.0,0.0,0.0,0.0,0.0,0.0,0.0,0.0,0.0,0.0,0.0,0.0,0.0,0.0,0.0,0.0,0.0,0.0,0.0,0.0,0.0,0.0,0.0,0.0,0.0,0.0,0.0,0.0,0.0,0.0,0.0,0.0,0.0,0.0,0.0,0.0,0.0,0.0,0.0,0.0,0.0,0.0,0.0,0.0,0.0,0.0,0.0,0.0,0.0,0.0,0.0,0.0,0.0,1.0,0.0,0.0,0.0,0.0,0.0,0.0,0.0,0.0,0.0,0.11764705882352941,0.0,0.0,0.0,1.0,0.0,1.0,0.0,0.0,0.0,0.0,0.0,0.0,0.0,0.0,0.0,1.0,0.0,0.0,0.0,0.0,0.0,0.0,0.0,1.0,0.0,0.0,0.0,0.0,0.0,0.0,0.0,0.0,0.058823529411764705,1.0,0.0,0.0,0.0,0.0,0.0,0.0,0.0,0.0,0.0,0.0,0.0,1.0,0.0,0.0,0.0,0.0,0.0,0.0,0.0,0.0,0.0,0.23529411764705882,0.0,0.0,0.0,0.0,0.0,0.0,0.0,0.0,0.0,0.0,0.0,0.0,0.0,0.0,0.0,0.0,0.0,0.0,0.0,1.0,0.0,0.0,0.0,0.0,0.0,0.0,0.0,0.0,0.0,0.0,0.0,0.0,0.0,0.0,0.0,0.0,0.0,0.0,0.0,0.0,0.0,0.0,0.0,0.0,0.0,0.0,0.0,0.0,0.0,0.0,0.058823529411764705,0.0,0.0,1.0,0.0,0.0,1.0,0.0,0.0,0.0,0.0,0.0,0.0,0.0,0.0,0.0,0.0,0.0,0.0,0.0,0.0,0.0,0.0,0.0,0.0,0.0,0.0,0.0,0.0,0.0,0.0,0.0,0.0,0.0,0.0,0.0,1.0,0.0,1.0,1.0,0.0,0.0,0.0,0.0,0.0,0.0,0.0,0.7058823529411765,0.0,0.0,0.0,0.0,0.0,0.0,0.0,0.0,0.0,0.0,0.0,0.0,0.0,0.0,0.0,0.0,1.0,0.0
B.1.526,0.0,0.0,0.0,0.0,0.0,0.0,1.0,0.0,0.0,0.0,0.0,0.0,0.0,0.0,0.0,1.0,0.0,0.0,0.0,0.0,0.0,0.0,0.0,0.0,0.0,0.0,0.0,0.0,0.0,0.0,0.0,0.0,0.0,0.0,0.0,0.0,1.0,0.0,0.0,0.0,0.0,0.0,0.0,0.0,0.0,0.0,0.0,0.0,0.0,0.0,0.0,0.0,0.0,0.0,0.0,0.0,0.0,0.0,0.0,0.0,0.0,0.0,0.0,0.0,0.0,0.0,0.0,0.0,0.0,0.0,0.0,0.0,0.0,0.0,0.0,0.0,0.0,0.0,0.0,0.0,0.0,0.0,0.0,0.0,0.0,0.0,0.0,0.0,0.0,0.0,0.0,0.0,0.0,0.0,0.0,0.0,0.0,0.0,0.0,0.0,0.0,0.0,0.0,0.0,0.0,1.0,0.0,0.0,0.0,0.0,0.0,0.0,0.0,0.0,0.0,0.0,0.0,0.0,0.0,0.0,0.0,0.0,0.0,0.0,0.0,0.0,0.0,0.0,0.0,0.0,0.0,0.0,0.0,0.0,0.0,0.0,0.0,0.0,0.0,0.0,0.0,0.0,0.0,0.0,0.0,0.0,0.0,0.0,0.0,0.0,0.0,0.0,0.0,0.0,0.0,0.0,0.0,0.0,0.0,0.0,0.0,0.0,0.0,0.0,0.0,1.0,0.0,0.0,0.0,0.0,0.0,0.0,0.0,0.0,0.0,0.0,0.0,0.0,0.0,0.0,1.0,0.0,0.0,0.0,0.0,0.0,0.0,0.0,0.0,0.0,0.0,0.0,0.0,0.0,0.0,0.0,0.0,0.0,0.0,0.0,0.0,0.0,0.0,0.0,0.0,0.0,0.0,0.0,0.0,0.0,0.0,0.0,0.0,0.0,0.0,0.0,0.0,1.0,0.0,0.0,0.0,0.0,0.0,0.0,0.0,0.0,1.0,0.0,0.0,0.0,0.0,0.0,0.0,0.0,0.0,0.0,0.0,0.0,1.0,0.0,0.0,0.0,0.0,0.0,0.0,0.0,0.0,0.0,0.0,0.0,0.0,0.0,0.0,0.0,0.0,0.0,0.0,0.0,1.0,0.0,0.0,1.0,0.0,0.0,0.0,0.0,0.0,0.0,0.0,0.0,0.0,0.0,0.0,0.0,0.0,0.0,0.0,0.0,0.0,0.0,0.0,0.0,0.0,0.0,0.0,0.0,0.0,0.0,0.0,0.0,0.0,1.0,0.0,0.0,0.0,0.0,0.0,0.0,0.0,0.0,0.0,0.0,0.0,0.0,0.0,0.0,0.0,1.0,0.0,0.9,0.0,0.0,0.0,0.0,0.0,0.0,0.0,0.0,1.0,0.0,0.0,0.0,0.0,0.0,0.0,0.0,0.0,0.0,0.0,0.0,0.0,0.0,0.0,0.0,0.0,0.0,0.0,0.0,0.0,0.0,0.0,0.0,0.0,0.0,0.0,0.0,0.0,0.0,0.0,0.0,1.0,0.0,1.0,0.0,0.0,0.0,0.0,0.0,0.0,0.0,0.0,0.0,0.0,0.0,0.0,0.0,0.0,0.0,0.0,0.0,0.0,0.0,0.0,0.0,0.0,0.0,0.0,0.0,0.0,0.0,0.0,0.0,0.0,0.0,0.0,0.0,0.0,0.0,0.0,0.0,0.0,0.0,0.0,0.0,0.0,0.0,0.0,0.0,0.0,0.0,0.0,0.0,1.0,0.0,0.0,0.0,0.0,0.0,0.0,0.0,0.0,0.0,0.0,0.0,0.0,0.0,0.0,0.0,0.0,0.0,0.0,0.0,0.0,0.0,0.0,0.0,0.0,0.0,0.0,0.0,0.0,0.0,0.0,0.0,0.0,0.0,0.0,0.0,0.0,1.0,0.0,0.0,0.0,0.0,0.0,0.0,0.0,0.0,0.0,0.0,0.0,0.0,0.0,1.0,0.0,0.0,0.0,0.0,0.0,0.0,0.0,0.0,0.0,0.0,0.0,0.0,0.0,0.0,0.0,0.0,0.0,0.0,0.0,0.0
